Unnamed: 0,id,scrape_id,host_id,latitude,longitude,neighbourhood_cleansed,neighbourhood_group_cleansed,property_type,room_type,host_since,host_location,host_response_time,host_response_rate,host_acceptance_rate,host_is_superhost,host_listings_count,host_total_listings_count,host_has_profile_pic,host_identity_verified,accommodates,bathrooms,bathrooms_text,bedrooms,beds,amenities,price,minimum_nights,maximum_nights,minimum_minimum_nights,maximum_minimum_nights,minimum_maximum_nights,maximum_maximum_nights,minimum_nights_avg_ntm,maximum_nights_avg_ntm,has_availability,availability_30,availability_60,availability_90,availability_365,availability_eoy,number_of_reviews,number_of_reviews_ltm,number_of_reviews_l30d,number_of_reviews_ly,reviews_per_month,review_scores_rating,review_scores_accuracy,review_scores_cleanliness,review_scores_communication,review_scores_location
0,18674,20250612050654,71615,41.40556,2.17262,la Sagrada Família,Eixample,Entire rental unit,Entire home/apt,2010-01-19,"Barcelona, Spain",within an hour,96%,91%,f,44.0,46.0,t,t,8,2.0,2 baths,3.0,6.0,"[""30 inch TV"", ""AC - split type ductless system"", ""Hot water"", ""Wifi"", ""Shampoo"", ""Hangers"", ""Hair dryer"", ""Kitchen"", ""Pack \u2019n play/Travel crib"", ""City skyline view"", ""Elevator"", ""Crib"", ""Host greets you"", ""Iron"", ""Free washer \u2013 In unit"", ""Private patio or balcony"", ""Pets allowed"", ""Coffee maker"", ""Dishes and silverware"", ""Refrigerator"", ""Heating"", ""Essentials""]",$232.00,1,1125,1.0,5.0,999.0,999.0,2.2,999.0,t,11,32,53,65,65,48,6,2,5,0.33,4.3,4.36,4.53,4.6,4.81
200,694516,20250612050654,3019128,41.42593,2.16748,la Font d'en Fargues,Horta-Guinardó,Entire condo,Entire home/apt,2012-07-22,"Barcelona, Spain",within a day,100%,71%,t,1.0,1.0,t,t,2,1.0,1 bath,1.0,2.0,"[""Bed linens"", ""Smoking allowed"", ""Private entrance"", ""Hot water"", ""Private backyard \u2013 Fully fenced"", ""Cooking basics"", ""Coffee maker: pour-over coffee"", ""Wifi"", ""Shampoo"", ""Microwave"", ""Hangers"", ""Hair dryer"", ""Long term stays allowed"", ""Kitchen"", ""Children\u2019s books and toys for ages 0-2 years old and 2-5 years old"", ""Baby monitor"", ""Toaster"", ""Free parking on premises"", ""Luggage dropoff allowed"", ""Pack \u2019n play/Travel crib"", ""Wine glasses"", ""Portable fans"", ""Extra pillows and blankets"", ""Ping pong table"", ""Dedicated workspace"", ""Iron"", ""Outdoor dining area"", ""Clothing storage: walk-in closet, closet, and wardrobe"", ""Outdoor furniture"", ""Free washer \u2013 In unit"", ""Private patio or balcony"", ""BBQ grill"", ""Pets allowed"", ""Cleaning products"", ""Drying rack for clothing"", ""Laundromat nearby"", ""Dishes and silverware"", ""Refrigerator"", ""Heating"", ""Freezer"", ""Essentials"", ""Dishwasher""]",$92.00,31,450,31.0,31.0,450.0,450.0,31.0,450.0,t,0,0,0,20,0,62,4,1,4,0.4,4.87,4.92,4.84,4.87,4.71
400,1085376,20250612050654,5966973,41.39578,2.18131,el Fort Pienc,Eixample,Entire rental unit,Entire home/apt,2013-04-17,"Barcelona, Spain",within a few hours,100%,55%,f,1.0,2.0,t,t,2,1.0,1 bath,1.0,1.0,"[""Shower gel"", ""Long term stays allowed"", ""Portable fans"", ""Freezer"", ""Bed linens"", ""Cleaning products"", ""Dining table"", ""Refrigerator"", ""Fire extinguisher"", ""Elevator"", ""Essentials"", ""Toaster"", ""Heating"", ""Hangers"", ""Body soap"", ""First aid kit"", ""Paid parking lot off premises"", ""Hot water"", ""Clothing storage: wardrobe"", ""Cooking basics"", ""Wifi"", ""Shampoo"", ""Wine glasses"", ""Hair dryer"", ""Stove"", ""Laundromat nearby"", ""Dishes and silverware"", ""TV"", ""Kitchen"", ""Hot water kettle"", ""Microwave""]",$120.00,3,60,1.0,2.0,60.0,60.0,1.0,60.0,t,3,17,28,266,95,547,46,4,48,3.73,4.55,4.6,4.53,4.75,4.81
600,1330353,20250612050654,3799101,41.39779,2.15904,la Vila de Gràcia,Gràcia,Entire rental unit,Entire home/apt,2012-10-08,"Barcelona, Spain",within an hour,100%,100%,t,5.0,6.0,t,t,4,2.0,2 baths,2.0,4.0,"[""Bed linens"", ""Oven"", ""Conditioner"", ""Sun loungers"", ""Lockbox"", ""Self check-in"", ""Babysitter recommendations"", ""Baby bath"", ""Hot water"", ""Room-darkening shades"", ""Books and reading material"", ""Body soap"", ""High chair"", ""50 inch HDTV"", ""Central air conditioning"", ""Paid parking on premises"", ""Cooking basics"", ""Wifi"", ""Washer"", ""Backyard"", ""Shampoo"", ""Microwave"", ""Hangers"", ""Hair dryer"", ""Long term stays allowed"", ""Kitchen"", ""Stove"", ""Exterior security cameras on property"", ""Toaster"", ""Luggage dropoff allowed"", ""Dining table"", ""Wine glasses"", ""Dryer"", ""Hot water kettle"", ""Elevator"", ""Crib"", ""Safe"", ""Iron"", ""Outdoor dining area"", ""Ethernet connection"", ""Coffee maker"", ""Patio or balcony"", ""Shower gel"", ""Clothing storage: closet"", ""Dishes and silverware"", ""Refrigerator"", ""Heating"", ""Freezer"", ""Essentials"", ""Dishwasher""]",$352.00,2,1125,1.0,3.0,1125.0,1125.0,1.5,1125.0,t,8,24,46,129,129,76,12,1,18,1.84,4.89,4.88,4.82,4.87,4.93
800,2512546,20250612050654,3038266,41.39284,2.16576,la Dreta de l'Eixample,Eixample,Entire rental unit,Entire home/apt,2012-07-24,"Barcelona, Spain",within a few hours,100%,87%,t,2.0,23.0,t,t,2,1.0,1 bath,1.0,1.0,"[""Bed linens"", ""Oven"", ""AC - split type ductless system"", ""Babysitter recommendations"", ""Hot water"", ""Books and reading material"", ""Body soap"", ""Otro stainless steel induction stove"", ""Paid parking on premises"", ""Cooking basics"", ""Wifi"", ""Shampoo"", ""Fire extinguisher"", ""Microwave"", ""Hangers"", ""First aid kit"", ""Hair dryer"", ""Cleaning available during stay"", ""Long term stays allowed"", ""Kitchen"", ""Toaster"", ""Luggage dropoff allowed"", ""Dining table"", ""Pack \u2019n play/Travel crib"", ""Wine glasses"", ""Portable fans"", ""City skyline view"", ""Extra pillows and blankets"", ""Hot water kettle"", ""Elevator"", ""Dedicated workspace"", ""Host greets you"", ""Iron"", ""Outdoor furniture"", ""Free washer \u2013 In unit"", ""Private patio or balcony"", ""Cleaning products"", ""Coffee maker"", ""Shower gel"", ""Paid crib"", ""Single level home"", ""Drying rack for clothing"", ""Clothing storage: closet"", ""Dishes and silverware"", ""Paid parking off premises"", ""Refrigerator"", ""Blender"", ""TV"", ""Heating"", ""Freezer"", ""Essentials"", ""Dishwasher""]",$224.00,2,6,1.0,3.0,6.0,6.0,2.9,6.0,t,8,22,26,91,91,483,61,4,56,3.55,4.86,4.9,4.89,4.88,4.95
1000,3400569,20250612050654,17082106,41.39896,2.20761,el Poblenou,Sant Martí,Entire rental unit,Entire home/apt,2014-06-21,"Barcelona, Spain",within a day,100%,53%,t,1.0,1.0,t,t,4,1.0,1 bath,2.0,0.0,"[""Bed linens"", ""Oven"", ""Babysitter recommendations"", ""Baby bath"", ""Fast wifi \u2013 521 Mbps"", ""Private entrance"", ""Beach essentials"", ""Hot water"", ""Room-darkening shades"", ""High chair"", ""Books and reading material"", ""Central air conditioning"", ""Clothing storage: closet and dresser"", ""Cooking basics"", ""Children\u2019s dinnerware"", ""Washer"", ""Coffee maker: espresso machine, french press"", ""Microwave"", ""Noise decibel monitors on property"", ""Hangers"", ""First aid kit"", ""Hair dryer"", ""Waterfront"", ""Long term stays allowed"", ""Kitchen"", ""Baking sheet"", ""Stove"", ""Toaster"", ""Bathtub"", ""Luggage dropoff allowed"", ""Dining table"", ""Pack \u2019n play/Travel crib"", ""Portable fans"", ""Extra pillows and blankets"", ""Elevator"", ""Dedicated workspace"", ""Iron"", ""Pets allowed"", ""Ethernet connection"", ""Children\u2019s books and toys"", ""Cleaning products"", ""Paid parking garage on premises"", ""Single level home"", ""Drying rack for clothing"", ""Laundromat nearby"", ""Dishes and silverware"", ""Refrigerator"", ""TV"", ""Heating"", ""Freezer"", ""Essentials""]",$80.00,32,730,32.0,32.0,730.0,730.0,32.0,730.0,t,0,0,0,227,54,50,2,0,0,0.37,4.62,4.62,4.64,4.84,4.78
1200,4619507,20250612050654,23928665,41.40016,2.17205,la Dreta de l'Eixample,Eixample,Private room in home,Private room,2014-11-19,"Barcelona, Spain",,,,f,1.0,2.0,t,f,2,,1 shared bath,,,"[""Bed linens"", ""Oven"", ""Coffee"", ""Books and reading material"", ""Cooking basics"", ""Sound system"", ""Wifi"", ""Washer"", ""Lock on bedroom door"", ""Microwave"", ""Hangers"", ""First aid kit"", ""Clothing storage"", ""Rice maker"", ""Exercise equipment"", ""Kitchen"", ""Baking sheet"", ""Stove"", ""Toaster"", ""Wine glasses"", ""Extra pillows and blankets"", ""Hot water kettle"", ""Elevator"", ""Coffee maker"", ""Dishes and silverware"", ""Refrigerator"", ""Blender"", ""TV"", ""Heating"", ""Freezer"", ""Trash compactor"", ""Essentials"", ""Mini fridge""]",,2,7,2.0,2.0,7.0,7.0,2.0,7.0,t,0,0,0,0,0,2,0,0,0,0.02,5.0,5.0,4.5,5.0,5.0
1400,5891589,20250612050654,30188564,41.37338,2.1673,el Poble Sec,Sants-Montjuïc,Private room in rental unit,Private room,2015-03-29,"Barcelona, Spain",,,,f,1.0,2.0,t,t,2,,1 bath,,,"[""Hair dryer"", ""Smoking allowed"", ""Washer"", ""Hangers"", ""Wifi"", ""Kitchen"", ""Hot water"", ""Elevator"", ""Essentials"", ""Iron"", ""Bed linens"", ""Shampoo""]",,2,1125,2.0,2.0,1125.0,1125.0,2.0,1125.0,t,0,0,0,0,0,12,0,0,0,0.1,4.92,4.83,4.92,4.92,4.92
1600,7230117,20250612050654,4311145,41.41066,2.16015,el Camp d'en Grassot i Gràcia Nova,Gràcia,Entire rental unit,Entire home/apt,2012-12-03,"Barcelona, Spain",within an hour,100%,99%,f,2.0,14.0,t,t,3,1.0,1 bath,1.0,2.0,"[""Hangers"", ""Dedicated workspace"", ""Refrigerator"", ""Elevator"", ""Coffee maker"", ""Drying rack for clothing"", ""Extra pillows and blankets"", ""Heating"", ""Room-darkening shades"", ""Gel body soap"", ""Fire extinguisher"", ""Kitchen"", ""Air conditioning"", ""Iron"", ""Shower gel"", ""Bed linens"", ""Cleaning products"", ""Shampoo"", ""Crib"", ""Dishes and silverware"", ""Washer"", ""TV"", ""Essentials"", ""Clothing storage: walk-in closet"", ""Hair dryer"", ""Hot water"", ""Cooking basics"", ""Wifi""]",$133.00,3,730,3.0,4.0,1125.0,1125.0,3.2,1125.0,t,3,10,24,295,122,224,34,2,36,1.85,4.55,4.67,4.46,4.73,4.6
1800,8020706,20250612050654,40676061,41.37555,2.16093,Sant Antoni,Eixample,Entire rental unit,Entire home/apt,2015-08-06,"Barcelona, Spain",within an hour,100%,99%,t,25.0,27.0,t,t,4,1.0,1 bath,2.0,2.0,"[""Hot water"", ""Cooking basics"", ""Wifi"", ""Washer"", ""Shampoo"", ""Microwave"", ""Hangers"", ""Hair dryer"", ""Kitchen"", ""Pack \u2019n play/Travel crib"", ""Elevator"", ""Crib"", ""Dedicated workspace"", ""Host greets you"", ""Iron"", ""Dishes and silverware"", ""TV"", ""Essentials"", ""Air conditioning""]",$90.00,1,1125,1.0,6.0,1.0,1125.0,2.0,683.6,t,8,8,26,126,122,392,55,5,45,3.33,4.9,4.88,4.9,4.91,4.92
2000,10449047,20250612050654,2396421,41.41552,2.19699,Sant Martí de Provençals,Sant Martí,Private room in rental unit,Private room,2012-05-17,"Barcelona, Spain",,,,f,1.0,1.0,t,f,1,,1 bath,,,"[""Smoking allowed"", ""Wifi"", ""Washer"", ""Elevator"", ""Iron"", ""Heating"", ""Kitchen"", ""Essentials"", ""TV with standard cable""]",,1,1125,1.0,1.0,1125.0,1125.0,1.0,1125.0,,0,0,0,0,0,0,0,0,0,,,,,,
2200,12200436,20250612050654,57236849,41.36002,2.13846,la Marina de Port,Sants-Montjuïc,Private room in rental unit,Private room,2016-02-03,"Barcelona, Spain",within an hour,90%,93%,t,6.0,9.0,t,t,1,,1 shared bath,1.0,,"[""Hot water"", ""TV with standard cable"", ""Cooking basics"", ""Wifi"", ""Washer"", ""Backyard"", ""Shampoo"", ""Hangers"", ""Hair dryer"", ""Long term stays allowed"", ""Kitchen"", ""Free parking on premises"", ""Luggage dropoff allowed"", ""Dryer"", ""Elevator"", ""Host greets you"", ""Iron"", ""Free street parking"", ""Coffee maker"", ""Patio or balcony"", ""Dishes and silverware"", ""Refrigerator"", ""Park view"", ""Heating"", ""Essentials"", ""Air conditioning""]",,31,180,31.0,31.0,1125.0,1125.0,31.0,1125.0,t,0,0,0,77,0,72,2,0,2,0.64,4.57,4.65,4.74,4.86,4.54
2400,13532126,20250612050654,58026109,41.38544,2.17853,"Sant Pere, Santa Caterina i la Ribera",Ciutat Vella,Private room in rental unit,Private room,2016-02-09,"Barcelona, Spain",,,,f,1.0,1.0,t,t,2,,1.5 shared baths,,,"[""Smoking allowed"", ""Wifi"", ""Washer"", ""Dryer"", ""Shampoo"", ""Hangers"", ""Iron"", ""Heating"", ""Essentials"", ""Air conditioning""]",,1,1125,1.0,1.0,1125.0,1125.0,1.0,1125.0,t,0,0,0,0,0,4,0,0,0,0.04,4.0,4.5,4.75,4.25,4.67
2600,14838313,20250612050654,78591611,41.38469,2.16501,el Raval,Ciutat Vella,Entire rental unit,Entire home/apt,2016-06-19,,within a day,50%,29%,f,6.0,11.0,t,t,4,1.0,1 bath,4.0,4.0,"[""Host greets you"", ""Long term stays allowed"", ""Freezer"", ""Dining table"", ""Refrigerator"", ""Elevator"", ""Toaster"", ""Heating"", ""Hangers"", ""Dishwasher"", ""Oven"", ""Coffee maker"", ""Hot water"", ""Cooking basics"", ""Iron"", ""Washer"", ""Wifi"", ""Extra pillows and blankets"", ""Hair dryer"", ""Stove"", ""Dishes and silverware"", ""Air conditioning"", ""Drying rack for clothing"", ""TV"", ""Kitchen"", ""Microwave"", ""Clothing storage""]",$101.00,35,365,35.0,35.0,365.0,365.0,35.0,365.0,t,0,0,0,184,9,2,1,1,0,0.02,5.0,5.0,5.0,5.0,4.5
2800,16403800,20250612050654,21483975,41.37914,2.15898,Sant Antoni,Eixample,Entire rental unit,Entire home/apt,2014-09-18,"Barcelona, Spain",within an hour,100%,98%,t,19.0,20.0,t,t,8,2.0,2 baths,4.0,7.0,"[""Bed linens"", ""Conditioner"", ""Central heating"", ""Coffee"", ""Stainless steel oven"", ""Paid clamp on table seat high chair - available upon request"", ""Hot water"", ""Room-darkening shades"", ""Paid pack \u2019n play/travel crib - available upon request"", ""Body soap"", ""Central air conditioning"", ""Cooking basics"", ""Wifi"", ""Shampoo"", ""Microwave"", ""Hangers"", ""Coffee maker: espresso machine"", ""Hair dryer"", ""Paid crib - available upon request"", ""Kitchen"", ""Toaster"", ""Dining table"", ""Wine glasses"", ""Hot water kettle"", ""Elevator"", ""Iron"", ""Smoke alarm"", ""Outdoor furniture"", ""Free washer \u2013 In unit"", ""Private patio or balcony"", ""Ethernet connection"", ""Cleaning products"", ""Baby bath - available upon request"", ""Shower gel"", ""Drying rack for clothing"", ""Clothing storage: closet"", ""43 inch TV"", ""Dishes and silverware"", ""Refrigerator"", ""Balay induction stove"", ""Blender"", ""Freezer"", ""Essentials"", ""Dishwasher""]",$496.00,1,365,3.0,31.0,999.0,999.0,15.8,999.0,t,20,40,59,153,148,280,51,4,52,2.75,4.82,4.89,4.9,4.97,4.76
3000,17713036,20250612050654,61674344,41.3727,2.16756,el Poble Sec,Sants-Montjuïc,Entire rental unit,Entire home/apt,2016-03-05,"Barcelona, Spain",within an hour,100%,100%,f,4.0,4.0,t,t,6,2.0,2 baths,2.0,2.0,"[""Bed linens"", ""Oven"", ""Babysitter recommendations"", ""Dishwasher"", ""Hot water"", ""Room-darkening shades"", ""High chair"", ""Cooking basics"", ""Wifi"", ""Washer"", ""Shampoo"", ""Microwave"", ""Hangers"", ""Hair dryer"", ""Long term stays allowed"", ""Kitchen"", ""Bathtub"", ""Luggage dropoff allowed"", ""Dryer"", ""Crib"", ""Dedicated workspace"", ""Iron"", ""Free street parking"", ""Coffee maker"", ""Patio or balcony"", ""Paid parking off premises"", ""Dishes and silverware"", ""Refrigerator"", ""TV"", ""Heating"", ""Essentials"", ""Air conditioning""]",$252.00,1,120,1.0,3.0,365.0,365.0,2.9,365.0,t,14,22,52,327,155,223,28,0,24,2.29,4.65,4.77,4.64,4.82,4.65
3200,18918168,20250612050654,128959838,41.3881,2.16787,la Dreta de l'Eixample,Eixample,Entire rental unit,Entire home/apt,2017-05-05,"Barcelona, Spain",within an hour,100%,99%,f,34.0,40.0,t,t,4,1.0,1 bath,1.0,3.0,"[""Bed linens"", ""Oven"", ""Self check-in"", ""Smart lock"", ""High chair"", ""Central air conditioning"", ""Wifi"", ""Microwave"", ""Hair dryer"", ""Kitchen"", ""Toaster"", ""Pack \u2019n play/Travel crib"", ""Hot water kettle"", ""Elevator"", ""Crib"", ""Safe"", ""Iron"", ""Free washer \u2013 In unit"", ""Pets allowed"", ""Coffee maker"", ""Dishes and silverware"", ""Refrigerator"", ""Free dryer \u2013 In unit"", ""TV"", ""Heating"", ""Freezer"", ""Essentials"", ""Dishwasher""]",$285.00,1,365,1.0,31.0,999.0,999.0,15.8,999.0,t,5,20,36,81,81,64,19,2,16,0.93,4.8,4.95,4.97,4.73,4.98
3400,20023860,20250612050654,77646694,41.4067,2.17237,la Sagrada Família,Eixample,Private room in rental unit,Private room,2016-06-14,"Barcelona, Spain",,,,f,2.0,10.0,t,t,3,,1 shared bath,,,"[""Bed linens"", ""Smoking allowed"", ""Oven"", ""Hot water"", ""TV with standard cable"", ""Paid parking on premises"", ""Cooking basics"", ""Wifi"", ""Washer"", ""Shampoo"", ""Microwave"", ""First aid kit"", ""Kitchen"", ""Luggage dropoff allowed"", ""Extra pillows and blankets"", ""Elevator"", ""Pets allowed"", ""Ethernet connection"", ""Refrigerator"", ""Essentials""]",,1,1125,1.0,1.0,1125.0,1125.0,1.0,1125.0,t,0,0,0,0,0,42,0,0,0,0.44,4.26,4.81,3.6,4.67,4.93
3600,20856955,20250612050654,336524176,41.38301,2.18442,"Sant Pere, Santa Caterina i la Ribera",Ciutat Vella,Entire serviced apartment,Entire home/apt,2020-02-16,"Barcelona, Spain",within a day,91%,51%,,40.0,55.0,t,t,2,,1 bath,,,"[""Bed linens"", ""Paid parking on premises"", ""Wifi"", ""Long term stays allowed"", ""Washer"", ""Dryer"", ""Kitchen"", ""Elevator"", ""Hangers"", ""Host greets you"", ""Hair dryer"", ""Iron"", ""Hot water"", ""TV"", ""Essentials"", ""Heating"", ""Air conditioning""]",,32,180,32.0,32.0,180.0,180.0,32.0,180.0,t,1,11,41,41,41,9,1,1,0,0.11,4.78,4.89,4.89,4.78,4.89
3800,21722053,20250612050654,158023606,41.3718,2.12747,Sants - Badal,Sants-Montjuïc,Entire rental unit,Entire home/apt,2017-11-09,"Barcelona, Spain",within an hour,99%,98%,f,152.0,171.0,t,t,3,1.0,1 bath,2.0,3.0,"[""Freezer"", ""TV with standard cable"", ""Patio or balcony"", ""Dining table"", ""Refrigerator"", ""Elevator"", ""Bathtub"", ""Essentials"", ""Toaster"", ""Heating"", ""Dishwasher"", ""Oven"", ""Coffee maker"", ""Self check-in"", ""Iron"", ""Washer"", ""Shampoo"", ""Hair dryer"", ""Crib"", ""Fast wifi \u2013 117 Mbps"", ""Air conditioning"", ""High chair"", ""Smart lock"", ""Kitchen"", ""Hot water kettle"", ""Microwave""]",$278.00,1,333,2.0,5.0,333.0,333.0,4.3,333.0,t,9,39,69,344,168,90,10,1,5,1.01,4.21,4.33,4.3,4.6,4.27
4000,23004383,20250612050654,34559172,41.42024,2.15717,el Carmel,Horta-Guinardó,Private room in rental unit,Private room,2015-05-30,"Barcelona, Spain",within an hour,80%,100%,t,1.0,3.0,t,t,2,1.0,1 private bath,1.0,1.0,"[""TV with standard cable"", ""Hangers"", ""Central air conditioning"", ""Dedicated workspace"", ""Refrigerator"", ""Elevator"", ""Conditioner"", ""Coffee maker"", ""Drying rack for clothing"", ""Body soap"", ""Smoking allowed"", ""Extra pillows and blankets"", ""Heating"", ""Paid parking off premises"", ""Host greets you"", ""Fire extinguisher"", ""Private patio or balcony"", ""Iron"", ""Shower gel"", ""Bed linens"", ""Carbon monoxide alarm"", ""Cleaning products"", ""Shampoo"", ""Dishes and silverware"", ""Clothing storage: wardrobe"", ""Wifi"", ""City skyline view"", ""Pets allowed"", ""Essentials"", ""Lock on bedroom door"", ""Hair dryer"", ""Smoke alarm"", ""Free washer \u2013 In unit"", ""Hot water"", ""Cooking basics"", ""Sea view"", ""Mountain view""]",$87.00,31,100,30.0,31.0,1125.0,1125.0,31.0,1125.0,t,8,30,60,69,69,202,22,0,46,2.27,4.82,4.86,4.81,4.79,4.48
4200,24464487,20250612050654,18078971,41.37722,2.16039,Sant Antoni,Eixample,Entire rental unit,Entire home/apt,2014-07-14,"Paris, France",within a day,100%,86%,t,1.0,2.0,t,t,6,2.0,2 baths,3.0,3.0,"[""Bed linens"", ""Hot water"", ""Central air conditioning"", ""Wifi"", ""Washer"", ""Shampoo"", ""Microwave"", ""Hangers"", ""Hair dryer"", ""Long term stays allowed"", ""Kitchen"", ""Extra pillows and blankets"", ""Elevator"", ""Iron"", ""Ethernet connection"", ""Coffee maker"", ""Dishes and silverware"", ""Refrigerator"", ""TV"", ""Heating"", ""Essentials""]",$140.00,32,1125,32.0,32.0,1125.0,1125.0,32.0,1125.0,t,2,2,5,189,17,24,5,0,5,0.28,4.96,4.92,4.63,5.0,5.0
4400,25509446,20250612050654,27215033,41.39467,2.17542,la Dreta de l'Eixample,Eixample,Private room in rental unit,Private room,2015-02-04,"Barcelona, Spain",within an hour,100%,97%,t,3.0,6.0,t,t,1,1.0,1 shared bath,1.0,1.0,"[""TV with standard cable"", ""Dishwasher"", ""Hangers"", ""Refrigerator"", ""Stove"", ""Elevator"", ""Luggage dropoff allowed"", ""Long term stays allowed"", ""Coffee maker"", ""Smoking allowed"", ""Extra pillows and blankets"", ""Dryer"", ""Heating"", ""Paid parking off premises"", ""Host greets you"", ""Fire extinguisher"", ""Kitchen"", ""Air conditioning"", ""Iron"", ""Shower gel"", ""Bed linens"", ""Shampoo"", ""Oven"", ""Dishes and silverware"", ""Washer"", ""Essentials"", ""Microwave"", ""Hair dryer"", ""Smoke alarm"", ""Hot water"", ""Cooking basics"", ""Wifi"", ""Shared patio or balcony""]",$51.00,5,1125,6.0,7.0,1125.0,1125.0,6.1,1125.0,t,7,21,29,113,29,47,12,4,2,0.57,4.87,4.81,4.83,4.83,4.91
4600,27095636,20250612050654,96299106,41.3987,2.17309,la Dreta de l'Eixample,Eixample,Private room in loft,Private room,2016-09-22,"Barcelona, Spain",within an hour,100%,81%,f,8.0,12.0,t,t,2,1.5,1.5 baths,1.0,1.0,"[""Stainless steel oven"", ""Paid parking lot off premises"", ""Private living room"", ""Hangers"", ""Refrigerator"", ""Elevator"", ""Luggage dropoff allowed"", ""Window guards"", ""40 inch HDTV with standard cable"", ""Long term stays allowed"", ""Drying rack for clothing"", ""Ethernet connection"", ""Extra pillows and blankets"", ""Heating"", ""Room-darkening shades"", ""Pocket wifi"", ""Hot water kettle"", ""Host greets you"", ""Kitchen"", ""Teka stainless steel electric stove"", ""Macko body soap"", ""Iron"", ""Shower gel"", ""Bed linens"", ""Shampoo"", ""Dishes and silverware"", ""Dining table"", ""Cleaning available during stay"", ""Pets allowed"", ""Essentials"", ""Laundromat nearby"", ""Microwave"", ""Pack \u2019n play/Travel crib - available upon request"", ""Portable fans"", ""Hair dryer"", ""AC - split type ductless system"", ""Free washer \u2013 In unit"", ""Clothing storage: closet"", ""Hot water"", ""Cooking basics"", ""Freezer"", ""Wifi"", ""Coffee maker: drip coffee maker""]",$55.00,32,1125,32.0,32.0,1125.0,1125.0,32.0,1125.0,t,21,51,81,356,183,12,2,0,4,0.17,4.25,4.17,4.42,4.58,4.75
4800,29235420,20250612050654,7111192,41.38891,2.17874,"Sant Pere, Santa Caterina i la Ribera",Ciutat Vella,Entire rental unit,Entire home/apt,2013-06-25,"Barcelona, Spain",within an hour,100%,100%,t,1.0,2.0,t,t,3,1.0,1 bath,2.0,2.0,"[""Bed linens"", ""HDTV"", ""Oven"", ""Conditioner"", ""Coffee"", ""Hot water"", ""Room-darkening shades"", ""Private backyard \u2013 Fully fenced"", ""Books and reading material"", ""Central air conditioning"", ""Cooking basics"", ""Wifi"", ""Shampoo"", ""Microwave"", ""Hangers"", ""Clothing storage"", ""Hair dryer"", ""Long term stays allowed"", ""Kitchen"", ""Baking sheet"", ""Stove"", ""Hammock"", ""Toaster"", ""Portable heater"", ""Luggage dropoff allowed"", ""Dining table"", ""Wine glasses"", ""Portable fans"", ""Extra pillows and blankets"", ""Hot water kettle"", ""Elevator"", ""Outlet covers"", ""Host greets you"", ""Iron"", ""Outdoor dining area"", ""Outdoor furniture"", ""Free washer \u2013 In unit"", ""Private patio or balcony"", ""Ethernet connection"", ""Cleaning products"", ""Coffee maker"", ""Shower gel"", ""Heating - split type ductless system"", ""Single level home"", ""Drying rack for clothing"", ""Paid parking off premises"", ""Dishes and silverware"", ""Refrigerator"", ""Blender"", ""Freezer"", ""Essentials"", ""Outdoor shower"", ""Dishwasher""]",$140.00,31,730,31.0,31.0,730.0,730.0,31.0,730.0,t,0,18,48,185,72,22,6,0,6,0.28,5.0,5.0,5.0,5.0,5.0
5000,30832921,20250612050654,7906740,41.37113,2.1344,Sants,Sants-Montjuïc,Entire rental unit,Entire home/apt,2013-08-03,"Barcelona, Spain",within an hour,100%,86%,t,6.0,6.0,t,t,2,,1 bath,1.0,,"[""Hair dryer"", ""Dryer"", ""Fire extinguisher"", ""Essentials"", ""Air conditioning"", ""Heating"", ""TV"", ""Iron"", ""Washer"", ""Indoor fireplace"", ""Hangers"", ""Shampoo"", ""Smoke alarm"", ""Carbon monoxide alarm"", ""First aid kit"", ""Wifi"", ""Kitchen""]",,2,2,2.0,2.0,2.0,2.0,2.0,2.0,t,0,0,0,0,0,1,0,0,0,0.02,5.0,5.0,5.0,5.0,5.0
5200,32237261,20250612050654,16581062,41.38562,2.1542,l'Antiga Esquerra de l'Eixample,Eixample,Private room in rental unit,Private room,2014-06-09,"Barcelona, Spain",,,,f,2.0,2.0,t,t,2,,2 shared baths,,,"[""Bed linens"", ""Oven"", ""Indoor fireplace"", ""Hot water"", ""TV with standard cable"", ""Cooking basics"", ""Wifi"", ""Washer"", ""Lock on bedroom door"", ""Shampoo"", ""Microwave"", ""Hangers"", ""Hair dryer"", ""Long term stays allowed"", ""Kitchen"", ""Luggage dropoff allowed"", ""Dryer"", ""Extra pillows and blankets"", ""Elevator"", ""Host greets you"", ""Iron"", ""Coffee maker"", ""Patio or balcony"", ""Single level home"", ""Paid parking off premises"", ""Dishes and silverware"", ""Refrigerator"", ""Heating"", ""Essentials"", ""Air conditioning""]",,1,1125,1.0,1.0,1125.0,1125.0,1.0,1125.0,t,0,0,0,0,0,116,0,0,0,1.51,4.84,4.93,4.98,4.95,4.85
5400,34305408,20250612050654,258723902,41.37775,2.17867,el Barri Gòtic,Ciutat Vella,Entire serviced apartment,Entire home/apt,2019-04-29,"Barcelona, Spain",within an hour,100%,100%,t,4.0,4.0,t,t,8,3.0,3 baths,3.0,6.0,"[""Bed linens"", ""Oven"", ""Dishwasher"", ""Hot water"", ""Children\u2019s dinnerware"", ""Wifi"", ""Breakfast"", ""Microwave"", ""Noise decibel monitors on property"", ""Hangers"", ""Hair dryer"", ""Kitchen"", ""Free dryer \u2013 In building"", ""Stove"", ""Exterior security cameras on property"", ""Toaster"", ""Beach view"", ""Dining table"", ""Wine glasses"", ""City skyline view"", ""Hot water kettle"", ""Elevator"", ""Pack \u2019n play/Travel crib - available upon request"", ""Safe"", ""Iron"", ""Coffee maker"", ""Patio or balcony"", ""Free washer \u2013 In building"", ""Dishes and silverware"", ""Refrigerator"", ""Harbor view"", ""TV"", ""Heating"", ""Freezer"", ""Shared outdoor pool - available all year, open specific hours, rooftop"", ""Essentials"", ""Air conditioning"", ""High chair - available upon request""]",$581.00,1,30,1.0,2.0,999.0,999.0,1.2,999.0,t,12,27,45,130,130,3,0,0,2,0.05,3.33,3.33,4.0,4.0,4.33
5600,35414199,20250612050654,27576460,41.38203,2.15806,la Nova Esquerra de l'Eixample,Eixample,Entire rental unit,Entire home/apt,2015-02-11,"Barcelona, Spain",within an hour,100%,99%,t,3.0,3.0,t,t,4,2.0,2 baths,2.0,2.0,"[""Bed linens"", ""Indoor fireplace: electric"", ""Oven"", ""Coffee"", ""Babysitter recommendations"", ""Private entrance"", ""Hot water"", ""Paid parking garage off premises"", ""Room-darkening shades"", ""Books and reading material"", ""Body soap"", ""High chair"", ""Central air conditioning"", ""Crib - available upon request"", ""Cooking basics"", ""Children\u2019s dinnerware"", ""Wifi"", ""Baby monitor - available upon request"", ""48 inch HDTV"", ""Shampoo"", ""Board games"", ""Fire extinguisher"", ""Microwave"", ""Hangers"", ""First aid kit"", ""Hair dryer"", ""Long term stays allowed"", ""Bidet"", ""Kitchen"", ""Baking sheet"", ""Toaster"", ""Luggage dropoff allowed"", ""Dining table"", ""Pack \u2019n play/Travel crib"", ""Wine glasses"", ""Extra pillows and blankets"", ""Hot water kettle"", ""Elevator"", ""Siemens gas stove"", ""Dedicated workspace"", ""Iron"", ""Smoke alarm"", ""Outdoor furniture"", ""Outdoor dining area"", ""Free washer \u2013 In unit"", ""Private patio or balcony"", ""Ethernet connection"", ""Children\u2019s books and toys"", ""Cleaning products"", ""Coffee maker"", ""Baby bath - available upon request"", ""Shower gel"", ""Single level home"", ""Drying rack for clothing"", ""Clothing storage: closet"", ""Dishes and silverware"", ""Laundromat nearby"", ""Refrigerator"", ""Free dryer \u2013 In unit"", ""Carbon monoxide alarm"", ""Heating"", ""Freezer"", ""Essentials"", ""Dishwasher""]",$100.00,32,1125,32.0,32.0,1125.0,1125.0,32.0,1125.0,t,0,0,5,209,75,31,8,0,7,0.43,5.0,5.0,5.0,5.0,4.97
5800,36664264,20250612050654,124030357,41.40727,2.19306,Provençals del Poblenou,Sant Martí,Private room in rental unit,Private room,2017-04-03,"Barcelona, Spain",,,,f,1.0,3.0,t,t,1,,1 shared bath,3.0,,"[""Wifi"", ""Washer"", ""Breakfast"", ""Shampoo"", ""Microwave"", ""Hangers"", ""First aid kit"", ""Hair dryer"", ""Cleaning available during stay"", ""Long term stays allowed"", ""Kitchen"", ""Dryer"", ""Elevator"", ""Host greets you"", ""Smoke alarm"", ""Dishes and silverware"", ""Refrigerator"", ""TV"", ""Heating"", ""Essentials""]",,30,1125,30.0,30.0,1125.0,1125.0,30.0,1125.0,t,0,0,0,0,0,0,0,0,0,,,,,,
6000,37589692,20250612050654,120547913,41.40362,2.167,el Camp d'en Grassot i Gràcia Nova,Gràcia,Private room in rental unit,Private room,2017-03-13,"Barcelona, Spain",,,,f,3.0,5.0,t,t,2,,1 shared bath,,,"[""Smoking allowed"", ""Wifi"", ""Shampoo"", ""Elevator"", ""Dedicated workspace"", ""Hangers"", ""First aid kit"", ""Kitchen"", ""Essentials"", ""Pets allowed""]",,2,5,2.0,2.0,5.0,5.0,2.0,5.0,t,0,0,0,0,0,4,0,0,0,0.06,4.25,4.0,4.5,5.0,4.5
6200,39480576,20250612050654,303270614,41.41365,2.22033,el Besòs i el Maresme,Sant Martí,Private room in rental unit,Private room,2019-10-19,,,,,f,1.0,1.0,t,f,2,,1 private bath,,,"[""Beach access \u2013 Beachfront"", ""Wifi"", ""Lock on bedroom door"", ""Private living room"", ""Shampoo"", ""Dishes and silverware"", ""Hangers"", ""Iron"", ""Hair dryer"", ""Heating"", ""Essentials"", ""Air conditioning""]",,3,1125,3.0,3.0,1125.0,1125.0,3.0,1125.0,,0,0,0,0,0,2,0,0,0,0.03,4.5,5.0,4.5,5.0,5.0
6400,40077922,20250612050654,1447144,41.40734,2.18019,la Sagrada Família,Eixample,Entire rental unit,Entire home/apt,2011-11-27,"Barcelona, Spain",within an hour,87%,28%,f,356.0,565.0,t,t,5,2.0,2 baths,3.0,4.0,"[""Bed linens"", ""Oven"", ""Private entrance"", ""Hot water"", ""Room-darkening shades"", ""High chair"", ""Cooking basics"", ""Wifi"", ""Washer"", ""Microwave"", ""Hangers"", ""Hair dryer"", ""Kitchen"", ""Stove"", ""Extra pillows and blankets"", ""Elevator"", ""Crib"", ""Iron"", ""Coffee maker"", ""Patio or balcony"", ""Paid parking off premises"", ""Dishes and silverware"", ""Refrigerator"", ""TV"", ""Heating"", ""Essentials"", ""Air conditioning""]",$286.00,1,1125,1.0,1.0,1125.0,1125.0,1.0,1125.0,t,30,60,90,191,140,0,0,0,0,,,,,,
6600,41518092,20250612050654,1447144,41.38434,2.17921,"Sant Pere, Santa Caterina i la Ribera",Ciutat Vella,Entire rental unit,Entire home/apt,2011-11-27,"Barcelona, Spain",within an hour,87%,28%,f,356.0,565.0,t,t,4,1.0,1 bath,3.0,4.0,"[""Bed linens"", ""Oven"", ""Dishwasher"", ""Private entrance"", ""Hot water"", ""High chair"", ""Cooking basics"", ""Wifi"", ""Washer"", ""Microwave"", ""Fire extinguisher"", ""Hangers"", ""Clothing storage"", ""Hair dryer"", ""Long term stays allowed"", ""Kitchen"", ""Stove"", ""Toaster"", ""Luggage dropoff allowed"", ""Dining table"", ""Pack \u2019n play/Travel crib"", ""Wine glasses"", ""Extra pillows and blankets"", ""Elevator"", ""Crib"", ""Dedicated workspace"", ""Iron"", ""Coffee maker"", ""Shared beach access"", ""Patio or balcony"", ""Drying rack for clothing"", ""Paid parking off premises"", ""Dishes and silverware"", ""Refrigerator"", ""TV"", ""Heating"", ""Freezer"", ""Essentials"", ""Air conditioning""]",$366.00,2,330,2.0,2.0,330.0,330.0,2.0,330.0,t,30,60,90,365,193,2,0,0,0,0.06,4.5,4.0,5.0,5.0,5.0
6800,42400775,20250612050654,121118160,41.3812,2.14995,la Nova Esquerra de l'Eixample,Eixample,Private room in rental unit,Private room,2017-03-16,"Barcelona, Spain",,,,f,1.0,2.0,t,t,1,,1 shared bath,,,"[""Cooking basics"", ""Patio or balcony"", ""Wifi"", ""Washer"", ""Oven"", ""Kitchen"", ""Shampoo"", ""Microwave"", ""Elevator"", ""Dishes and silverware"", ""Refrigerator"", ""Hangers"", ""Hair dryer"", ""Iron"", ""Hot water"", ""TV"", ""Essentials"", ""Heating""]",,1,1125,1.0,1.0,1125.0,1125.0,1.0,1125.0,t,0,0,0,0,0,14,0,0,0,0.24,4.86,5.0,4.93,5.0,4.86
7000,43795980,20250612050654,66296022,41.37711,2.19012,la Barceloneta,Ciutat Vella,Entire rental unit,Entire home/apt,2016-04-08,"Barcelona, Spain",within an hour,100%,77%,t,69.0,110.0,t,t,2,,1 bath,1.0,,"[""Hangers"", ""Refrigerator"", ""Long term stays allowed"", ""Beach access \u2013 Beachfront"", ""Heating"", ""Private entrance"", ""Clothing storage"", ""Private patio or balcony"", ""Kitchen"", ""Air conditioning"", ""Bed linens"", ""Paid parking garage off premises"", ""Oven"", ""Dishes and silverware"", ""Dining table"", ""Washer"", ""TV"", ""Essentials"", ""Microwave"", ""Hair dryer"", ""Hot water"", ""Cooking basics"", ""Wifi""]",,32,330,32.0,32.0,330.0,330.0,32.0,330.0,t,0,0,0,0,0,2,0,0,0,0.06,4.0,5.0,4.0,5.0,5.0
7200,44298570,20250612050654,39169031,41.38746,2.18061,"Sant Pere, Santa Caterina i la Ribera",Ciutat Vella,Entire rental unit,Entire home/apt,2015-07-21,Spain,within an hour,100%,80%,f,7.0,18.0,t,t,3,1.0,1 bath,2.0,4.0,"[""TV with standard cable"", ""Hangers"", ""Dedicated workspace"", ""Refrigerator"", ""Stove"", ""Long term stays allowed"", ""Coffee maker"", ""Heating"", ""Private entrance"", ""Fire extinguisher"", ""Kitchen"", ""Air conditioning"", ""Iron"", ""Oven"", ""Dishes and silverware"", ""Dining table"", ""Ceiling fan"", ""Laundromat nearby"", ""Microwave"", ""Patio or balcony"", ""Free washer \u2013 In unit"", ""Hot water"", ""Cooking basics"", ""Freezer"", ""Wifi""]",$75.00,30,350,4.0,31.0,350.0,350.0,30.6,350.0,t,3,3,7,112,109,5,0,0,2,0.1,4.0,4.0,4.4,4.2,4.6
7400,46079657,20250612050654,265193861,41.37382,2.13679,Sants,Sants-Montjuïc,Entire rental unit,Entire home/apt,2019-05-30,"Barcelona, Spain",within an hour,93%,98%,f,166.0,175.0,t,t,7,2.0,2 baths,3.0,6.0,"[""Bed linens"", ""Self check-in"", ""Hot water"", ""Smart lock"", ""Cooking basics"", ""Wifi"", ""Washer"", ""Shampoo"", ""Fire extinguisher"", ""Hangers"", ""Hair dryer"", ""Kitchen"", ""Crib"", ""Dedicated workspace"", ""Paid parking lot off premises"", ""Iron"", ""Coffee maker"", ""Shower gel"", ""Dishes and silverware"", ""Refrigerator"", ""TV"", ""Heating"", ""Essentials"", ""Air conditioning""]",$441.00,2,150,2.0,2.0,1125.0,1125.0,2.0,1125.0,t,20,39,63,336,163,52,27,1,21,1.0,4.67,4.71,4.75,4.69,4.81
7600,47466120,20250612050654,265147782,41.40538,2.14213,el Putxet i el Farró,Sarrià-Sant Gervasi,Entire rental unit,Entire home/apt,2019-05-30,,within a day,80%,85%,f,36.0,100.0,t,t,2,,1 bath,1.0,,"[""Dishwasher"", ""Hangers"", ""Refrigerator"", ""Coffee maker"", ""Wine glasses"", ""Heating"", ""Hot water kettle"", ""Fire extinguisher"", ""Kitchen"", ""Air conditioning"", ""Iron"", ""Bed linens"", ""Oven"", ""Dishes and silverware"", ""Washer"", ""TV"", ""Essentials"", ""Microwave"", ""Hair dryer"", ""Hot water"", ""Cooking basics"", ""Freezer"", ""Wifi""]",,60,300,60.0,60.0,300.0,300.0,60.0,300.0,t,0,0,0,0,0,1,0,0,0,0.02,5.0,5.0,5.0,4.0,5.0
7800,49848598,20250612050654,401987097,41.38355,2.14174,Sants,Sants-Montjuïc,Private room in rental unit,Private room,2021-05-17,"Barcelona, Spain",within an hour,100%,71%,t,5.0,12.0,t,t,8,2.0,2 baths,2.0,3.0,"[""Smoking allowed"", ""Baby bath"", ""Private entrance"", ""Cooking basics"", ""Children\u2019s dinnerware"", ""Wifi"", ""Washer"", ""Shampoo"", ""Hangers"", ""Hair dryer"", ""Kitchen"", ""Free parking on premises"", ""City skyline view"", ""Dedicated workspace"", ""Iron"", ""Children\u2019s books and toys"", ""Coffee maker"", ""Dishes and silverware"", ""Refrigerator"", ""TV"", ""Heating"", ""Essentials"", ""Air conditioning""]",$240.00,32,1125,32.0,32.0,1125.0,1125.0,32.0,1125.0,t,29,59,89,364,192,0,0,0,0,,,,,,
8000,50988791,20250612050654,5264883,41.39189,2.16586,la Dreta de l'Eixample,Eixample,Entire serviced apartment,Entire home/apt,2013-02-28,"Barcelona, Spain",within a few hours,95%,88%,f,47.0,91.0,t,t,4,2.0,2 baths,2.0,2.0,"[""Freezer"", ""Private entrance"", ""Bed linens"", ""Refrigerator"", ""Elevator"", ""Essentials"", ""Heating"", ""Induction stove"", ""Hangers"", ""Body soap"", ""Oven"", ""Coffee maker"", ""Hot water"", ""Cooking basics"", ""Iron"", ""Wifi"", ""Free washer \u2013 In unit"", ""Shampoo"", ""Hair dryer"", ""Dryer"", ""Dishes and silverware"", ""Air conditioning"", ""TV"", ""Kitchen"", ""Microwave""]",$301.00,1,365,1.0,1.0,365.0,365.0,1.0,365.0,t,22,52,82,349,173,90,22,0,34,2.12,4.93,4.93,4.89,4.94,4.97
8200,52098427,20250612050654,329237362,41.38338,2.17932,el Barri Gòtic,Ciutat Vella,Entire rental unit,Entire home/apt,2020-01-20,,within an hour,100%,100%,,6.0,9.0,t,t,6,3.0,3 baths,3.0,3.0,"[""Dishwasher"", ""Hangers"", ""Dedicated workspace"", ""Refrigerator"", ""Stove"", ""Outdoor dining area"", ""Elevator"", ""Luggage dropoff allowed"", ""Coffee"", ""Body soap"", ""Ethernet connection"", ""Extra pillows and blankets"", ""Heating"", ""Wine glasses"", ""Room-darkening shades"", ""Hot water kettle"", ""Host greets you"", ""Outdoor furniture"", ""Clothing storage"", ""Fire extinguisher"", ""Private patio or balcony"", ""Kitchen"", ""Air conditioning"", ""Iron"", ""Bed linens"", ""Cleaning products"", ""Oven"", ""Toaster"", ""Dishes and silverware"", ""Dining table"", ""TV"", ""Pets allowed"", ""Essentials"", ""Laundromat nearby"", ""Free dryer \u2013 In unit"", ""Microwave"", ""Hair dryer"", ""Bidet"", ""Free washer \u2013 In unit"", ""Hot water"", ""Cooking basics"", ""Freezer"", ""Wifi"", ""Coffee maker: drip coffee maker""]",$858.00,2,365,2.0,2.0,365.0,365.0,2.0,365.0,t,10,21,35,58,58,163,57,4,71,3.68,4.91,4.94,4.94,4.9,4.93
8400,52710705,20250612050654,220949687,41.40488,2.13927,Sant Gervasi - la Bonanova,Sarrià-Sant Gervasi,Private room in rental unit,Private room,2018-10-16,"Barcelona, Spain",within a day,70%,63%,f,2.0,4.0,t,t,1,1.5,1.5 shared baths,2.0,3.0,"[""Bed linens"", ""Conditioner"", ""Private living room"", ""Hot water"", ""Room-darkening shades"", ""Books and reading material"", ""Breakfast"", ""Glicerina body soap"", ""Hangers"", ""Hair dryer"", ""Bidet"", ""Bathtub"", ""Dryer"", ""Extra pillows and blankets"", ""Host greets you"", ""Iron"", ""Pets allowed"", ""Cleaning products"", ""Coffee maker"", ""Shower gel"", ""Dishes and silverware"", ""Refrigerator"", ""Heating"", ""Essentials""]",$30.00,31,365,31.0,31.0,365.0,365.0,31.0,365.0,t,30,60,90,365,192,5,0,0,0,0.11,4.6,4.4,4.8,4.8,4.6
8600,53469118,20250612050654,432137725,41.37866,2.14934,la Nova Esquerra de l'Eixample,Eixample,Room in hotel,Private room,2021-11-16,,within an hour,100%,100%,f,5.0,5.0,t,t,2,1.0,1 private bath,1.0,1.0,"[""Elevator"", ""Luggage dropoff allowed"", ""Long term stays allowed"", ""Body soap"", ""Extra pillows and blankets"", ""Heating"", ""Fire extinguisher"", ""Paid parking on premises"", ""Air conditioning"", ""First aid kit"", ""Shower gel"", ""Bed linens"", ""Shampoo"", ""Building staff"", ""TV"", ""Self check-in"", ""Cleaning available during stay"", ""Essentials"", ""Safe"", ""Hair dryer"", ""Smoke alarm"", ""Bathtub"", ""Hot water"", ""Wifi"", ""Shared patio or balcony""]",$201.00,1,365,1.0,3.0,6.0,6.0,1.1,6.0,t,30,60,89,273,189,537,180,5,143,12.54,4.53,4.55,4.57,4.66,4.6
8800,543977166959744024,20250612050654,61360206,41.38977,2.17599,la Dreta de l'Eixample,Eixample,Entire rental unit,Entire home/apt,2016-03-03,"Barcelona, Spain",within a few hours,94%,82%,t,18.0,67.0,t,t,4,2.0,2 baths,2.0,4.0,"[""Coffee"", ""Sun loungers"", ""Dishwasher"", ""Indoor fireplace"", ""Hot water"", ""High chair"", ""Paid parking on premises"", ""Cooking basics"", ""Wifi"", ""Washer"", ""Courtyard view"", ""Backyard"", ""Single oven"", ""Shampoo"", ""Fire extinguisher"", ""Microwave"", ""Hangers"", ""Other electric stove"", ""Hair dryer"", ""Kitchen"", ""Hammock"", ""Toaster"", ""Luggage dropoff allowed"", ""Pack \u2019n play/Travel crib"", ""Wine glasses"", ""Dryer"", ""City skyline view"", ""Extra pillows and blankets"", ""Hot water kettle"", ""Elevator"", ""Crib"", ""Window guards"", ""Dedicated workspace"", ""Host greets you"", ""Safe"", ""Iron"", ""Smoke alarm"", ""Outdoor furniture"", ""Outdoor dining area"", ""Pets allowed"", ""Cleaning products"", ""Coffee maker"", ""Paid parking off premises"", ""Dishes and silverware"", ""Refrigerator"", ""TV"", ""Heating"", ""Carbon monoxide alarm"", ""Freezer"", ""Essentials"", ""Air conditioning""]",$457.00,2,365,1.0,2.0,365.0,365.0,2.0,365.0,t,10,32,62,326,154,17,5,1,2,0.42,5.0,5.0,4.94,5.0,4.94
9000,565753372833902120,20250612050654,115783949,41.41059,2.1753,la Sagrada Família,Eixample,Entire rental unit,Entire home/apt,2017-02-10,"L'Hospitalet de Llobregat, Spain",within a few hours,99%,62%,f,41.0,100.0,t,t,6,1.0,1 bath,3.0,6.0,"[""Bed linens"", ""Oven"", ""Hot water"", ""Room-darkening shades"", ""Coffee maker: Nespresso"", ""Cooking basics"", ""Wifi"", ""Washer"", ""Microwave"", ""Hangers"", ""First aid kit"", ""Hair dryer"", ""Long term stays allowed"", ""Kitchen"", ""Toaster"", ""Bathtub"", ""Dining table"", ""Extra pillows and blankets"", ""Hot water kettle"", ""Elevator"", ""Dedicated workspace"", ""Host greets you"", ""Iron"", ""Private patio or balcony"", ""Drying rack for clothing"", ""Clothing storage: closet"", ""Dishes and silverware"", ""Refrigerator"", ""Blender"", ""TV"", ""Heating"", ""Freezer"", ""Essentials""]",$70.00,31,62,31.0,31.0,62.0,62.0,31.0,62.0,t,29,59,89,269,192,1,0,0,0,0.04,5.0,5.0,5.0,4.0,5.0
9200,598990369105941110,20250612050654,450924555,41.3807,2.17771,el Barri Gòtic,Ciutat Vella,Entire rental unit,Entire home/apt,2022-03-23,,within a day,100%,98%,f,10.0,10.0,t,t,3,1.0,1 bath,2.0,2.0,"[""Hangers"", ""Refrigerator"", ""Long term stays allowed"", ""Drying rack for clothing"", ""Smoking allowed"", ""Wine glasses"", ""Room-darkening shades"", ""Hot water kettle"", ""Host greets you"", ""Private patio or balcony"", ""Kitchen"", ""Iron"", ""Bed linens"", ""Dishes and silverware"", ""Dining table"", ""City skyline view"", ""Pets allowed"", ""Essentials"", ""Microwave"", ""Portable fans"", ""Hair dryer"", ""Otro gas stove"", ""Free washer \u2013 In unit"", ""Clothing storage: closet"", ""Hot water"", ""Portable heater"", ""Cooking basics"", ""Wifi"", ""Coffee maker: drip coffee maker""]",$65.00,1,365,31.0,32.0,999.0,999.0,31.5,999.0,t,0,22,52,153,153,9,4,0,4,0.24,4.11,4.11,4.11,4.44,4.44
9400,639598921534231203,20250612050654,322663600,41.40347329999999,2.1271112,Sant Gervasi - la Bonanova,Sarrià-Sant Gervasi,Entire condo,Entire home/apt,2019-12-30,"Sant Just Desvern, Spain",,,,f,1.0,1.0,t,t,3,1.0,1 bath,1.0,2.0,"[""Free parking on premises"", ""Wifi"", ""Washer"", ""Pool"", ""TV"", ""Kitchen"", ""Air conditioning""]",$120.00,31,31,31.0,31.0,31.0,31.0,31.0,31.0,t,0,21,31,235,62,1,0,0,0,0.03,5.0,5.0,5.0,5.0,5.0
9600,653713097515118166,20250612050654,13306458,41.38251871063742,2.167071411126565,el Raval,Ciutat Vella,Entire rental unit,Entire home/apt,2014-03-19,"Barcelona, Spain",,,100%,f,1.0,1.0,t,t,3,,1 bath,2.0,,"[""Bed linens"", ""HDTV"", ""TEKA stainless steel oven"", ""Hot water"", ""Room-darkening shades"", ""Cooking basics"", ""Coffee maker: pour-over coffee"", ""Wifi"", ""Hangers"", ""Hair dryer"", ""Kitchen"", ""Stove"", ""Toaster"", ""Dining table"", ""Wine glasses"", ""Portable fans"", ""Extra pillows and blankets"", ""Hot water kettle"", ""Dedicated workspace"", ""Host greets you"", ""Iron"", ""Free washer \u2013 In unit"", ""Private patio or balcony"", ""BEKO refrigerator"", ""Cleaning products"", ""Radiant heating"", ""Drying rack for clothing"", ""Dishes and silverware"", ""Freezer"", ""Essentials"", ""Dishwasher""]",,32,150,32.0,32.0,150.0,150.0,32.0,150.0,t,0,0,0,0,0,1,0,0,0,0.05,5.0,5.0,5.0,5.0,5.0
9800,676038945193231933,20250612050654,158023606,41.41254,2.17768,el Camp de l'Arpa del Clot,Sant Martí,Entire rental unit,Entire home/apt,2017-11-09,"Barcelona, Spain",within an hour,99%,98%,f,152.0,171.0,t,t,4,1.0,1 bath,2.0,2.0,"[""Oven"", ""High chair"", ""Wifi"", ""Washer"", ""Shampoo"", ""Microwave"", ""Hair dryer"", ""Kitchen"", ""Toaster"", ""Dining table"", ""Hot water kettle"", ""Elevator"", ""Crib"", ""Air conditioning"", ""Iron"", ""Coffee maker"", ""Refrigerator"", ""TV"", ""Heating"", ""Freezer"", ""Essentials"", ""Dishwasher""]",$365.00,1,333,1.0,5.0,333.0,333.0,4.3,333.0,t,6,34,64,335,168,87,45,2,37,2.59,4.83,4.89,4.84,4.84,4.76
10000,699763981243531228,20250612050654,212431311,41.38021,2.15007,la Nova Esquerra de l'Eixample,Eixample,Entire rental unit,Entire home/apt,2018-08-29,,within an hour,100%,100%,f,33.0,39.0,t,t,5,1.5,1.5 baths,2.0,3.0,"[""Bed linens"", ""Oven"", ""Private entrance"", ""Hot water"", ""Room-darkening shades"", ""High chair"", ""Cooking basics"", ""Wifi"", ""Washer"", ""Backyard"", ""Microwave"", ""Hangers"", ""Clothing storage"", ""Hair dryer"", ""Kitchen"", ""Stove"", ""Toaster"", ""Luggage dropoff allowed"", ""Dining table"", ""Portable fans"", ""Hot water kettle"", ""Elevator"", ""Crib"", ""Dedicated workspace"", ""Iron"", ""Coffee maker"", ""Patio or balcony"", ""Paid parking off premises"", ""Dishes and silverware"", ""Refrigerator"", ""TV""]",$244.00,4,31,2.0,4.0,31.0,31.0,3.8,31.0,t,16,39,69,344,173,68,29,5,28,2.0,4.22,4.32,4.21,4.76,4.66
10200,726494998633859958,20250612050654,370718107,41.3999286,2.1584642,la Vila de Gràcia,Gràcia,Entire rental unit,Entire home/apt,2020-10-05,"Barcelona, Spain",within an hour,100%,100%,f,63.0,70.0,t,t,6,1.0,1 bath,2.0,4.0,"[""Bed linens"", ""Oven"", ""Dishwasher"", ""Hot water"", ""Body soap"", ""Cooking basics"", ""Wifi"", ""Washer"", ""Shampoo"", ""Microwave"", ""Hangers"", ""Hair dryer"", ""Kitchen"", ""Toaster"", ""Wine glasses"", ""Dryer"", ""Hot water kettle"", ""Host greets you"", ""Iron"", ""Smoke alarm"", ""Pets allowed"", ""Ethernet connection"", ""Cleaning products"", ""Coffee maker"", ""Patio or balcony"", ""Shower gel"", ""Drying rack for clothing"", ""Refrigerator"", ""TV"", ""Heating"", ""Freezer"", ""Essentials"", ""Air conditioning""]",$316.00,1,365,3.0,5.0,999.0,999.0,4.5,999.0,t,19,45,74,154,149,57,14,1,16,1.73,4.84,4.81,4.91,4.93,4.88
10400,760572282261587218,20250612050654,10704,41.412356873628575,2.173973913348646,el Guinardó,Horta-Guinardó,Entire serviced apartment,Entire home/apt,2009-03-19,"Barcelona, Spain",within an hour,85%,96%,f,44.0,72.0,t,t,6,1.0,1 bath,4.0,5.0,"[""Cooking basics"", ""Wifi"", ""Shampoo"", ""Crib"", ""Dishes and silverware"", ""TV"", ""Hair dryer"", ""Heating"", ""Kitchen"", ""Essentials"", ""Air conditioning""]",$200.00,1,365,1.0,3.0,365.0,365.0,2.3,365.0,t,11,25,52,296,145,28,25,1,2,0.89,4.43,4.36,4.79,4.61,4.71
10600,787026850978218427,20250612050654,71063144,41.42334,2.17714,el Guinardó,Horta-Guinardó,Private room in rental unit,Private room,2016-05-09,"Barcelona, Spain",within an hour,90%,100%,t,1.0,1.0,t,t,2,,1 private bath,1.0,,"[""Shower gel"", ""Portable heater"", ""Pets allowed"", ""Bed linens"", ""Conditioner"", ""Elevator"", ""Essentials"", ""Hangers"", ""Body soap"", ""Hot water"", ""Wifi"", ""Dedicated workspace"", ""Shampoo"", ""Extra pillows and blankets"", ""42 inch HDTV"", ""AC - split type ductless system"", ""Hair dryer"", ""Drying rack for clothing"", ""Room-darkening shades"", ""Clothing storage""]",,2,6,2.0,3.0,6.0,6.0,2.1,6.0,t,1,1,1,1,1,76,21,3,35,2.77,4.97,4.96,4.96,5.0,4.78
10800,815812983518145610,20250612050654,265193861,41.38794785878084,2.1761155908990584,"Sant Pere, Santa Caterina i la Ribera",Ciutat Vella,Entire rental unit,Entire home/apt,2019-05-30,"Barcelona, Spain",within an hour,93%,98%,f,166.0,175.0,t,t,2,1.0,1 bath,1.0,2.0,"[""Bed linens"", ""Oven"", ""Dishwasher"", ""Hot water"", ""Paid parking on premises"", ""Cooking basics"", ""Wifi"", ""Washer"", ""Microwave"", ""Fire extinguisher"", ""Hangers"", ""Clothing storage"", ""Hair dryer"", ""Long term stays allowed"", ""Kitchen"", ""Stove"", ""Toaster"", ""Luggage dropoff allowed"", ""Dining table"", ""Hot water kettle"", ""Elevator"", ""Crib"", ""Dedicated workspace"", ""Iron"", ""Smoke alarm"", ""Shared outdoor pool - available seasonally, open specific hours"", ""Coffee maker"", ""Patio or balcony"", ""Dishes and silverware"", ""Refrigerator"", ""TV"", ""Heating"", ""Carbon monoxide alarm"", ""Freezer"", ""Air conditioning""]",$117.00,32,270,32.0,32.0,270.0,270.0,32.0,270.0,t,2,27,57,219,160,6,3,0,4,0.25,5.0,5.0,5.0,4.83,4.67
11000,836660142488581311,20250612050654,9400556,41.408398,2.203398,Provençals del Poblenou,Sant Martí,Entire rental unit,Entire home/apt,2013-10-13,"Barcelona, Spain",within an hour,96%,98%,f,122.0,163.0,t,t,4,1.0,1 bath,1.0,2.0,"[""Bed linens"", ""Oven"", ""Conditioner"", ""Coffee"", ""Hot water"", ""Room-darkening shades"", ""Body soap"", ""Central air conditioning"", ""Cooking basics"", ""Wifi"", ""Shampoo"", ""Microwave"", ""Hangers"", ""Clothing storage"", ""Hair dryer"", ""Kitchen"", ""Exterior security cameras on property"", ""Toaster"", ""Bathtub"", ""Dining table"", ""Wine glasses"", ""City skyline view"", ""Hot water kettle"", ""Crib"", ""25 inch HDTV with standard cable"", ""Host greets you"", ""Iron"", ""Free washer \u2013 In unit"", ""Coffee maker"", ""Shower gel"", ""Drying rack for clothing"", ""Otro stainless steel electric stove"", ""Dishes and silverware"", ""Refrigerator"", ""Heating"", ""Freezer"", ""Essentials"", ""Dishwasher""]",$52.00,1,1125,1.0,3.0,2.0,1125.0,1.9,182.3,t,8,20,31,264,92,96,51,4,42,3.95,4.75,4.86,4.78,4.84,4.76
11200,851911097971135596,20250612050654,1414702,41.399792262,2.173395976,la Dreta de l'Eixample,Eixample,Entire rental unit,Entire home/apt,2011-11-16,"Barcelona, Spain",within an hour,81%,94%,f,29.0,112.0,t,t,4,1.0,1 bath,2.0,2.0,"[""Bed linens"", ""Oven"", ""Hot water"", ""High chair"", ""Body soap"", ""Cooking basics"", ""Wifi"", ""Washer"", ""Shampoo"", ""Microwave"", ""First aid kit"", ""Hangers"", ""Hair dryer"", ""Long term stays allowed"", ""Kitchen"", ""Elevator"", ""Crib"", ""Iron"", ""Smoke alarm"", ""Private patio or balcony"", ""Ethernet connection"", ""Coffee maker"", ""Shower gel"", ""Paid parking off premises"", ""Dishes and silverware"", ""Refrigerator"", ""Carbon monoxide alarm"", ""TV"", ""Heating"", ""Essentials"", ""Air conditioning""]",$258.00,1,365,1.0,5.0,999.0,999.0,4.3,999.0,t,8,25,47,315,149,35,16,0,25,1.32,4.2,4.29,4.43,4.06,4.77
11400,867916540558173656,20250612050654,285584271,41.39472,2.16993,la Dreta de l'Eixample,Eixample,Private room in guesthouse,Private room,2019-08-14,"Barcelona, Spain",within an hour,98%,100%,t,6.0,8.0,t,t,2,,1 shared bath,1.0,,"[""Bed linens"", ""Shared patio or balcony"", ""Oven"", ""Coffee"", ""Sun loungers"", ""Self check-in"", ""Hot water"", ""Paid parking garage off premises"", ""Room-darkening shades"", ""Smart lock"", ""Body soap"", ""Crib - available upon request"", ""Cooking basics"", ""Wifi"", ""Shampoo"", ""Fire extinguisher"", ""Microwave"", ""Hangers"", ""Clothing storage: wardrobe and dresser"", ""Hair dryer"", ""Kitchen"", ""Coffee maker: drip coffee maker"", ""Exterior security cameras on property"", ""Toaster"", ""Luggage dropoff allowed"", ""Wine glasses"", ""Extra pillows and blankets"", ""Hot water kettle"", ""Elevator"", ""Dedicated workspace"", ""Iron"", ""Smoke alarm"", ""Outdoor furniture"", ""Cleaning products"", ""Shower gel"", ""Drying rack for clothing"", ""Laundromat nearby"", ""Dishes and silverware"", ""Refrigerator"", ""TV"", ""Heating"", ""Freezer"", ""Essentials"", ""Air conditioning""]",,1,365,1.0,1.0,365.0,365.0,1.0,365.0,t,4,10,26,111,111,70,39,2,32,2.8,4.79,4.81,4.87,4.97,4.93
11600,889750485634717545,20250612050654,221480824,41.39107,2.16816,la Dreta de l'Eixample,Eixample,Private room in rental unit,Private room,2018-10-19,"Barcelona, Spain",within an hour,100%,100%,f,273.0,317.0,t,t,1,,0 shared baths,1.0,,"[""Bed linens"", ""Oven"", ""Self check-in"", ""Dishwasher"", ""Hot water"", ""Room-darkening shades"", ""Smart lock"", ""Books and reading material"", ""Cooking basics"", ""Wifi"", ""Washer"", ""Shampoo"", ""Microwave"", ""Hangers"", ""Clothing storage"", ""Long term stays allowed"", ""Kitchen"", ""Stove"", ""Toaster"", ""Dining table"", ""Wine glasses"", ""Dryer"", ""Hot water kettle"", ""Dedicated workspace"", ""Iron"", ""Cleaning products"", ""Coffee maker"", ""Shower gel"", ""Single level home"", ""Drying rack for clothing"", ""Dishes and silverware"", ""Refrigerator"", ""TV"", ""Heating"", ""Freezer"", ""Trash compactor"", ""Essentials"", ""Air conditioning""]",,60,1125,32.0,90.0,1125.0,1125.0,51.7,1125.0,t,9,39,69,344,171,2,1,0,1,0.1,3.5,4.0,4.5,4.0,5.0
11800,902616134023182966,20250612050654,10808083,41.39074908254854,2.19061858269041,la Vila Olímpica del Poblenou,Sant Martí,Entire rental unit,Entire home/apt,2013-12-25,Spain,within a day,100%,,f,1.0,1.0,t,t,6,2.0,2 baths,3.0,8.0,"[""Bed linens"", ""AC - split type ductless system"", ""Central heating"", ""Coffee"", ""Sun loungers"", ""Babysitter recommendations"", ""Private entrance"", ""Hot water"", ""Room-darkening shades"", ""Private backyard \u2013 Fully fenced"", ""Paid street parking off premises"", ""55 inch HDTV"", ""Central air conditioning"", ""Coffee maker: Nespresso"", ""Cooking basics"", ""Sound system"", ""Children\u2019s dinnerware"", ""Shared outdoor pool - available all year, open 24 hours, saltwater"", ""Courtyard view"", ""Outdoor playground"", ""Microwave"", ""Pool view"", ""Children\u2019s bikes"", ""Hangers"", ""Hair dryer"", ""Waterfront"", ""Long term stays allowed"", ""Kitchen"", ""Free resort access"", ""Stove"", ""Toaster"", ""Luggage dropoff allowed"", ""Dining table"", ""Wine glasses"", ""Extra pillows and blankets"", ""Hot water kettle"", ""Elevator"", ""Dedicated workspace"", ""Host greets you"", ""Iron"", ""Outdoor dining area"", ""Outdoor furniture"", ""Free washer \u2013 In unit"", ""Private patio or balcony"", ""Free parking garage on premises \u2013 1 space"", ""Children\u2019s books and toys"", ""Cleaning products"", ""Shared beach access"", ""Bosch oven"", ""Heating - split type ductless system"", ""Drying rack for clothing"", ""Clothing storage: closet"", ""Dishes and silverware"", ""Laundromat nearby"", ""Refrigerator"", ""Park view"", ""Freezer"", ""Fast wifi \u2013 237 Mbps"", ""Dishwasher""]",$243.00,31,1125,31.0,31.0,1125.0,1125.0,31.0,1125.0,t,30,60,90,194,194,1,0,0,0,0.05,4.0,5.0,3.0,5.0,5.0
12000,919315356320401315,20250612050654,36607755,41.387871424223775,2.172734139885533,el Barri Gòtic,Ciutat Vella,Private room in rental unit,Private room,2015-06-24,"Barcelona, Spain",within a day,50%,67%,,142.0,143.0,t,t,2,,2 baths,1.0,,"[""Long term stays allowed"", ""Dishes and silverware"", ""Cleaning available during stay"", ""Cooking basics"", ""Heating"", ""TV"", ""Dedicated workspace"", ""Wifi"", ""Washer"", ""Kitchen""]",,32,365,32.0,32.0,365.0,365.0,32.0,365.0,t,29,59,89,90,90,0,0,0,0,,,,,,
12200,936143488605005872,20250612050654,412923631,41.38267271900937,2.179271817894301,el Barri Gòtic,Ciutat Vella,Entire condo,Entire home/apt,2021-07-14,"Barcelona, Spain",within an hour,81%,98%,f,7.0,10.0,t,t,4,,1 bath,1.0,,"[""Dishes and silverware"", ""Trash compactor"", ""Wine glasses"", ""Heating"", ""Dining table"", ""Hot water kettle"", ""Wifi"", ""Dedicated workspace"", ""Refrigerator"", ""Kitchen"", ""Hot water"", ""Stove"", ""Iron"", ""Microwave"", ""Coffee maker"", ""Oven""]",,32,365,1.0,32.0,365.0,365.0,27.1,365.0,t,16,40,46,46,46,26,26,5,13,2.55,4.23,4.27,4.42,4.27,4.54
12400,947565841810448357,20250612050654,389605038,41.3771417,2.1749219,el Raval,Ciutat Vella,Entire rental unit,Entire home/apt,2021-02-22,,within an hour,99%,100%,f,248.0,399.0,t,t,8,3.0,3 baths,4.0,6.0,"[""Bed linens"", ""Dishwasher"", ""Hot water"", ""Paid street parking off premises"", ""Body soap"", ""Cooking basics"", ""Wifi"", ""Washer"", ""Shampoo"", ""Garden view"", ""Fire extinguisher"", ""Microwave"", ""Hangers"", ""Hair dryer"", ""Waterfront"", ""Kitchen"", ""Bathtub"", ""Luggage dropoff allowed"", ""City skyline view"", ""Hot water kettle"", ""Iron"", ""Clothing storage: walk-in closet, closet, wardrobe, and dresser"", ""Private patio or balcony"", ""Cleaning products"", ""Coffee maker"", ""Drying rack for clothing"", ""Dishes and silverware"", ""Refrigerator"", ""TV"", ""Heating"", ""Freezer"", ""Essentials"", ""Air conditioning""]",$345.00,1,365,1.0,31.0,999.0,999.0,16.7,999.0,t,8,17,43,146,146,38,20,3,22,1.7,4.32,4.47,4.26,4.61,4.87
12600,968774841080081525,20250612050654,374138888,41.3831224,2.1634497,Sant Antoni,Eixample,Entire rental unit,Entire home/apt,2020-11-02,"Bilbao, Spain",within an hour,94%,99%,f,66.0,71.0,t,t,3,1.0,1 bath,1.0,1.0,"[""Bed linens"", ""Self check-in"", ""Dishwasher"", ""Hot water"", ""Smart lock"", ""Body soap"", ""Crib - available upon request"", ""Coffee maker: Nespresso"", ""Wifi"", ""Washer"", ""Shampoo"", ""Microwave"", ""Hangers"", ""Clothing storage"", ""Hair dryer"", ""Long term stays allowed"", ""Kitchen"", ""Stove"", ""Toaster"", ""Hot water kettle"", ""Elevator"", ""Dedicated workspace"", ""Safe"", ""Smoke alarm"", ""Pets allowed"", ""Shower gel"", ""Dishes and silverware"", ""Blender"", ""TV"", ""Heating"", ""Essentials"", ""Air conditioning""]",$260.00,1,365,1.0,2.0,28.0,28.0,1.0,28.0,t,12,20,39,214,138,30,21,1,20,1.57,4.67,4.83,4.77,4.7,4.77
12800,995689796806396862,20250612050654,95115636,41.3816256249885,2.165952094137803,el Raval,Ciutat Vella,Entire rental unit,Entire home/apt,2016-09-14,"Munich, Germany",within a day,100%,50%,f,1.0,2.0,t,t,2,1.0,1 bath,1.0,1.0,"[""Bed linens"", ""Ceiling fan"", ""Conditioner"", ""Central heating"", ""Hot water"", ""Room-darkening shades"", ""Body soap"", ""Cooking basics"", ""Wifi"", ""Washer"", ""Shampoo"", ""Hangers"", ""Hair dryer"", ""Kitchen"", ""Exterior security cameras on property"", ""Extra pillows and blankets"", ""Pets allowed"", ""Cleaning products"", ""Shower gel"", ""Drying rack for clothing"", ""Clothing storage: wardrobe"", ""Dishes and silverware"", ""TV"", ""Essentials"", ""Air conditioning""]",$75.00,31,180,31.0,31.0,180.0,180.0,31.0,180.0,t,0,21,40,117,40,2,1,0,1,0.13,5.0,5.0,5.0,5.0,5.0
13000,1014407330077268220,20250612050654,542371304,41.41366802011123,2.219543804316579,el Besòs i el Maresme,Sant Martí,Room in hotel,Private room,2023-10-18,,within an hour,100%,33%,f,9.0,13.0,t,t,3,,1 private bath,1.0,,"[""Ocean view"", ""Paid parking on premises"", ""Building staff"", ""Wifi"", ""Washer"", ""City skyline view"", ""Fire extinguisher"", ""Self check-in"", ""Pool"", ""TV"", ""Smoke alarm"", ""Exercise equipment"", ""Kitchen"", ""Outdoor dining area"", ""Air conditioning"", ""Exterior security cameras on property""]",,1,365,1.0,2.0,28.0,731.0,1.1,29.9,t,30,60,90,243,189,1,1,0,0,0.68,5.0,5.0,5.0,5.0,5.0
13200,1030403433879426917,20250612050654,489650915,41.39165759498973,2.1492943279145034,l'Antiga Esquerra de l'Eixample,Eixample,Entire rental unit,Entire home/apt,2022-11-29,,,,33%,f,1.0,5.0,t,t,4,1.0,1 bath,2.0,3.0,"[""Cooking basics"", ""Wifi"", ""Heating - split type ductless system"", ""Washer"", ""AC - split type ductless system"", ""Fire extinguisher"", ""Dedicated workspace"", ""Dishes and silverware"", ""TV"", ""Hot water"", ""Kitchen"", ""Essentials""]",$250.00,31,180,31.0,31.0,180.0,180.0,31.0,180.0,t,30,60,90,365,193,2,1,0,1,0.13,4.5,4.5,4.0,4.5,5.0
13400,1049987811643921017,20250612050654,346367515,41.38357,2.18334,"Sant Pere, Santa Caterina i la Ribera",Ciutat Vella,Entire rental unit,Entire home/apt,2020-05-15,"Barcelona, Spain",within a few hours,100%,99%,f,903.0,915.0,t,t,3,1.0,1 bath,1.0,2.0,"[""Bed linens"", ""Oven"", ""Dishwasher"", ""Hot water"", ""Cooking basics"", ""Wifi"", ""Washer"", ""Microwave"", ""Hangers"", ""First aid kit"", ""Hair dryer"", ""Long term stays allowed"", ""Kitchen"", ""Stove"", ""Toaster"", ""Hot water kettle"", ""Elevator"", ""Dedicated workspace"", ""Iron"", ""Smoke alarm"", ""Pets allowed"", ""Cleaning products"", ""Coffee maker"", ""Patio or balcony"", ""Drying rack for clothing"", ""Dishes and silverware"", ""Refrigerator"", ""Blender"", ""TV"", ""Heating"", ""Carbon monoxide alarm"", ""Essentials"", ""Air conditioning""]",$125.00,31,330,31.0,31.0,330.0,330.0,31.0,330.0,t,0,2,32,272,135,1,1,0,1,0.08,5.0,5.0,5.0,4.0,5.0
13600,1067833426553578767,20250612050654,39789054,41.41933,2.15045,el Coll,Gràcia,Private room in rental unit,Private room,2015-07-28,,within an hour,100%,97%,f,250.0,279.0,t,t,2,,1 shared bath,1.0,,"[""Bed linens"", ""Cooking basics"", ""Building staff"", ""Wifi"", ""Washer"", ""Kitchen"", ""Self check-in"", ""Dedicated workspace"", ""Hair dryer"", ""Iron"", ""Hot water"", ""TV"", ""Essentials"", ""Heating""]",,7,365,7.0,7.0,1125.0,1125.0,7.0,1125.0,t,12,29,59,334,162,2,2,0,0,0.72,5.0,5.0,5.0,5.0,5.0
13800,1080580938598479540,20250612050654,548566937,41.378559728255766,2.1666251931412863,el Raval,Ciutat Vella,Private room in rental unit,Private room,2023-11-28,,within an hour,91%,100%,f,6.0,10.0,t,t,2,1.0,1 shared bath,1.0,2.0,"[""Bed linens"", ""Hot water"", ""Body soap"", ""Cooking basics"", ""Wifi"", ""Lock on bedroom door"", ""Shampoo"", ""Hangers"", ""Clothing storage"", ""Hair dryer"", ""Kitchen"", ""Extra pillows and blankets"", ""Dedicated workspace"", ""Iron"", ""Cleaning products"", ""Shower gel"", ""Drying rack for clothing"", ""Dishes and silverware"", ""Heating"", ""Essentials"", ""Air conditioning""]",$87.00,32,365,2.0,32.0,365.0,365.0,26.4,365.0,t,3,3,14,194,118,90,69,2,61,5.39,4.73,4.76,4.72,4.81,4.44
14000,1097775408568743552,20250612050654,390770038,41.40249,2.16899,el Camp d'en Grassot i Gràcia Nova,Gràcia,Entire rental unit,Entire home/apt,2021-03-02,"Barcelona, Spain",within a day,83%,44%,f,45.0,69.0,t,t,6,2.0,2 baths,3.0,3.0,"[""Dishwasher"", ""Refrigerator"", ""Stove"", ""Elevator"", ""Exterior security cameras on property"", ""Coffee"", ""Long term stays allowed"", ""Coffee maker"", ""Wine glasses"", ""Heating"", ""Hot water kettle"", ""Private entrance"", ""Clothing storage"", ""Kitchen"", ""Iron"", ""Bed linens"", ""Oven"", ""Toaster"", ""Dishes and silverware"", ""Dining table"", ""TV"", ""Cleaning available during stay"", ""Essentials"", ""Microwave"", ""Free dryer \u2013 In unit"", ""Free washer \u2013 In unit"", ""Hot water"", ""Cooking basics"", ""Freezer"", ""Wifi""]",$168.00,31,330,31.0,31.0,330.0,330.0,31.0,330.0,t,0,4,34,214,136,0,0,0,0,,,,,,
14200,1111696376634367984,20250612050654,562920793,41.37389606544053,2.1569002202907304,el Poble Sec,Sants-Montjuïc,Entire rental unit,Entire home/apt,2024-02-19,,within an hour,99%,99%,t,34.0,39.0,t,t,2,1.0,1 bath,1.0,1.0,"[""Dedicated workspace"", ""Refrigerator"", ""Stove"", ""Elevator"", ""Coffee maker"", ""Heating"", ""Host greets you"", ""Kitchen"", ""Air conditioning"", ""Oven"", ""Crib"", ""Dishes and silverware"", ""Washer"", ""TV"", ""Microwave"", ""Hot water"", ""Cooking basics"", ""Freezer"", ""Wifi""]","$1,000.00",1,365,1.0,1.0,365.0,365.0,1.0,365.0,t,29,59,89,269,190,1,1,0,0,0.29,5.0,5.0,5.0,5.0,5.0
14400,1125499106752523041,20250612050654,1744516,41.40206528742704,2.16312027219564,la Vila de Gràcia,Gràcia,Entire rental unit,Entire home/apt,2012-02-13,"Barcelona, Spain",within an hour,99%,97%,f,41.0,57.0,t,t,5,1.0,1 bath,2.0,3.0,"[""Bed linens"", ""Coffee maker"", ""Wifi"", ""Washer"", ""Kitchen"", ""Iron"", ""Hair dryer"", ""Hot water"", ""TV"", ""Heating"", ""Air conditioning""]",$244.00,6,365,1.0,4.0,365.0,365.0,2.1,365.0,t,0,2,13,44,44,14,13,0,8,1.03,4.21,4.29,4.14,4.79,4.79
14600,1141803078115221007,20250612050654,573974266,41.387885,2.167716,la Dreta de l'Eixample,Eixample,Room in hotel,Private room,2024-04-24,,,,,f,1.0,1.0,t,t,2,1.0,1 private bath,1.0,1.0,"[""Bed linens"", ""Conditioner"", ""Self check-in"", ""Hot water"", ""Room-darkening shades"", ""Wifi"", ""Shampoo"", ""Hangers"", ""Hair dryer"", ""Building staff"", ""Luggage dropoff allowed"", ""Elevator"", ""Crib"", ""Dedicated workspace"", ""Safe"", ""Pool"", ""Iron"", ""Smoke alarm"", ""Coffee maker"", ""Shower gel"", ""TV"", ""Heating"", ""Essentials"", ""Air conditioning""]",,1,365,1.0,1.0,28.0,731.0,1.0,567.3,t,14,41,62,85,85,0,0,0,0,,,,,,
14800,1150481251048203259,20250612050654,250042982,41.3862724304,2.1811330318,"Sant Pere, Santa Caterina i la Ribera",Ciutat Vella,Entire rental unit,Entire home/apt,2019-03-20,"Barcelona, Spain",within a few hours,98%,55%,f,59.0,64.0,t,t,2,1.0,1 bath,0.0,1.0,"[""Portable air conditioning"", ""Self check-in"", ""Hot water"", ""Smart lock"", ""Cooking basics"", ""Wifi"", ""Shampoo"", ""Microwave"", ""Hangers"", ""Hair dryer"", ""Kitchen"", ""Dining table"", ""Wine glasses"", ""Iron"", ""Free washer \u2013 In unit"", ""Private patio or balcony"", ""Cleaning products"", ""Coffee maker"", ""Other stainless steel induction stove"", ""Dishes and silverware"", ""TV"", ""Heating"", ""Essentials""]",$61.00,1,365,31.0,31.0,365.0,365.0,31.0,365.0,t,0,22,52,327,154,0,0,0,0,,,,,,
15000,1162738603923086567,20250612050654,160446503,41.40361,2.17839,la Sagrada Família,Eixample,Entire rental unit,Entire home/apt,2017-11-28,,within an hour,100%,100%,f,2.0,2.0,f,t,4,1.0,1 bath,2.0,1.0,"[""Dishwasher"", ""Hangers"", ""Dedicated workspace"", ""Refrigerator"", ""Stove"", ""Elevator"", ""Long term stays allowed"", ""Coffee maker"", ""Body soap"", ""Ethernet connection"", ""Beach access \u2013 Beachfront"", ""Extra pillows and blankets"", ""Dryer"", ""Heating"", ""Room-darkening shades"", ""Hot water kettle"", ""Wine glasses"", ""Paid parking off premises"", ""Private entrance"", ""Clothing storage"", ""Kitchen"", ""Air conditioning"", ""Iron"", ""Shower gel"", ""Bed linens"", ""Cleaning products"", ""Oven"", ""Toaster"", ""Crib"", ""Dishes and silverware"", ""Children\u2019s dinnerware"", ""Dining table"", ""Washer"", ""TV"", ""High chair"", ""Essentials"", ""Laundromat nearby"", ""Microwave"", ""Hair dryer"", ""Waterfront"", ""Hot water"", ""Cooking basics"", ""Freezer"", ""Wifi""]",$202.00,3,365,3.0,5.0,365.0,365.0,3.2,365.0,t,4,6,34,44,44,35,35,1,18,2.92,4.69,4.63,4.57,4.91,4.86
15200,1177310493121857102,20250612050654,1447144,41.39714,2.17194,la Dreta de l'Eixample,Eixample,Entire rental unit,Entire home/apt,2011-11-27,"Barcelona, Spain",within an hour,87%,28%,f,356.0,565.0,t,t,4,2.0,2 baths,2.0,3.0,"[""Bed linens"", ""Oven"", ""Dishwasher"", ""Hot water"", ""High chair"", ""Cooking basics"", ""Wifi"", ""Washer"", ""Microwave"", ""Hangers"", ""Clothing storage"", ""Hair dryer"", ""Long term stays allowed"", ""Kitchen"", ""Stove"", ""Toaster"", ""Luggage dropoff allowed"", ""Dining table"", ""Pack \u2019n play/Travel crib"", ""Wine glasses"", ""Extra pillows and blankets"", ""Hot water kettle"", ""Elevator"", ""Crib"", ""Dedicated workspace"", ""Safe"", ""Iron"", ""Cleaning products"", ""Coffee maker"", ""Drying rack for clothing"", ""Paid parking off premises"", ""Dishes and silverware"", ""Refrigerator"", ""TV"", ""Heating"", ""Freezer"", ""Essentials"", ""Air conditioning""]",$376.00,1,330,1.0,1.0,330.0,330.0,1.0,330.0,t,30,60,90,270,192,2,2,0,2,0.16,4.5,4.5,5.0,5.0,5.0
15400,1191256646711304316,20250612050654,518888520,41.3943052,2.1658638,la Dreta de l'Eixample,Eixample,Private room in rental unit,Private room,2023-06-08,,within a day,79%,68%,f,162.0,295.0,t,t,1,2.0,2 baths,1.0,1.0,"[""Wifi"", ""Washer"", ""Dedicated workspace"", ""TV"", ""Heating"", ""Hot water"", ""Kitchen"", ""Air conditioning""]",$46.00,32,360,32.0,32.0,360.0,360.0,32.0,360.0,t,0,4,34,215,138,0,0,0,0,,,,,,
15600,1199146287880967627,20250612050654,537848787,41.3925503,2.1732541,la Dreta de l'Eixample,Eixample,Entire rental unit,Entire home/apt,2023-09-19,,within a day,50%,100%,f,5.0,6.0,t,t,5,,1 bath,3.0,,"[""Washer"", ""TV"", ""Noise decibel monitors on property"", ""Dedicated workspace"", ""Kitchen"", ""Air conditioning"", ""Wifi""]",,1,365,1.0,1.0,365.0,365.0,1.0,365.0,t,5,19,39,301,127,0,0,0,0,,,,,,
15800,1215153927569828269,20250612050654,569400277,41.3878220068355,2.1757726272689943,"Sant Pere, Santa Caterina i la Ribera",Ciutat Vella,Private room in rental unit,Private room,2024-03-28,,a few days or more,8%,9%,f,2.0,7.0,f,t,2,1.0,1 shared bath,1.0,1.0,"[""Refrigerator"", ""Stove"", ""Extra pillows and blankets"", ""Private entrance"", ""Clothing storage"", ""Kitchen"", ""Air conditioning"", ""Iron"", ""Bed linens"", ""Cleaning products"", ""Oven"", ""Dishes and silverware"", ""Dining table"", ""Washer"", ""Lock on bedroom door"", ""Hair dryer"", ""Hot water"", ""Cooking basics"", ""Freezer"", ""Wifi""]",$71.00,1,365,1.0,1.0,365.0,365.0,1.0,365.0,t,13,29,48,322,149,1,1,0,0,0.58,1.0,1.0,1.0,1.0,1.0
16000,1236407294748105225,20250612050654,596745075,41.39483,2.17363,la Dreta de l'Eixample,Eixample,Entire rental unit,Entire home/apt,2024-08-17,"Barcelona, Spain",within an hour,100%,99%,t,1.0,1.0,f,t,7,2.0,2 baths,4.0,6.0,"[""Bed linens"", ""Oven"", ""Conditioner"", ""AC - split type ductless system"", ""Coffee"", ""Hot water"", ""Room-darkening shades"", ""Body soap"", ""Crib - available upon request"", ""Cooking basics"", ""Wifi"", ""Shampoo"", ""Microwave"", ""Hangers"", ""Hair dryer"", ""Cleaning available during stay"", ""Kitchen"", ""Baking sheet"", ""Stove"", ""Toaster"", ""Dining table"", ""Wine glasses"", ""Extra pillows and blankets"", ""Hot water kettle"", ""Elevator"", ""Dedicated workspace"", ""Host greets you"", ""Safe"", ""Iron"", ""Smoke alarm"", ""Outdoor furniture"", ""HDTV with standard cable"", ""Free washer \u2013 In unit"", ""Private patio or balcony"", ""Cleaning products"", ""Coffee maker"", ""Heating - split type ductless system"", ""Radiant heating"", ""Drying rack for clothing"", ""Clothing storage: closet"", ""Dishes and silverware"", ""Laundromat nearby"", ""Refrigerator"", ""Free dryer \u2013 In unit"", ""Blender"", ""Carbon monoxide alarm"", ""Freezer"", ""Essentials"", ""Dishwasher"", ""High chair - available upon request""]",$354.00,3,360,2.0,3.0,1125.0,1125.0,3.0,1125.0,t,8,13,27,259,105,27,27,4,5,3.1,5.0,5.0,5.0,5.0,4.96
16200,1259463575049587349,20250612050654,21726991,41.38448147014888,2.1539732386195554,la Nova Esquerra de l'Eixample,Eixample,Entire rental unit,Entire home/apt,2014-09-24,"Barcelona, Spain",within a few hours,81%,6%,f,183.0,562.0,t,t,2,1.0,1 bath,1.0,1.0,"[""Dedicated workspace"", ""Elevator"", ""Long term stays allowed"", ""Coffee maker"", ""Drying rack for clothing"", ""Heating"", ""Room-darkening shades"", ""Private entrance"", ""Clothing storage"", ""Kitchen"", ""Air conditioning"", ""Iron"", ""Bed linens"", ""Dishes and silverware"", ""Washer"", ""TV"", ""Essentials"", ""Laundromat nearby"", ""Microwave"", ""Patio or balcony"", ""Hair dryer"", ""Smoke alarm"", ""Hot water"", ""Cooking basics"", ""Wifi""]",$120.00,31,365,31.0,31.0,365.0,365.0,31.0,365.0,t,30,60,90,365,192,0,0,0,0,,,,,,
16400,1272362029056378839,20250612050654,504121118,41.3798721,2.1545524,la Nova Esquerra de l'Eixample,Eixample,Private room in rental unit,Private room,2023-03-06,"Barcelona, Spain",a few days or more,18%,9%,f,175.0,199.0,t,t,1,2.0,2 shared baths,1.0,1.0,"[""Oven"", ""Conditioner"", ""Central heating"", ""Hot water"", ""Paid street parking off premises"", ""Cooking basics"", ""Wifi"", ""Washer"", ""Clothing storage"", ""Long term stays allowed"", ""Kitchen"", ""Stove"", ""Bathtub"", ""Dining table"", ""Wine glasses"", ""Elevator"", ""Dedicated workspace"", ""Dishes and silverware"", ""Refrigerator"", ""Freezer""]",$26.00,32,365,32.0,32.0,365.0,365.0,32.0,365.0,t,0,0,0,188,17,0,0,0,0,,,,,,
16600,1289805415419102096,20250612050654,221480824,41.4027,2.14055,Sant Gervasi - Galvany,Sarrià-Sant Gervasi,Private room in rental unit,Private room,2018-10-19,"Barcelona, Spain",within an hour,100%,100%,f,273.0,317.0,t,t,2,,1 shared bath,,,"[""Dishwasher"", ""Hangers"", ""Dedicated workspace"", ""Refrigerator"", ""Stove"", ""Elevator"", ""Long term stays allowed"", ""Coffee maker"", ""Drying rack for clothing"", ""Wine glasses"", ""Dryer"", ""Heating"", ""Room-darkening shades"", ""Hot water kettle"", ""Private entrance"", ""Clothing storage"", ""Kitchen"", ""Rice maker"", ""Air conditioning"", ""Iron"", ""Bed linens"", ""Oven"", ""Toaster"", ""Dishes and silverware"", ""Dining table"", ""Washer"", ""TV"", ""Essentials"", ""Microwave"", ""Hot water"", ""Single level home"", ""Cooking basics"", ""Freezer"", ""Wifi""]",,60,1125,60.0,90.0,1125.0,1125.0,60.7,1125.0,t,0,0,0,0,0,0,0,0,0,,,,,,
16800,1304378314481193988,20250612050654,396363,41.417210766341306,2.1921316512062603,la Sagrera,Sant Andreu,Entire rental unit,Entire home/apt,2011-02-17,"Barcelona, Spain",within an hour,100%,93%,f,113.0,127.0,t,t,2,1.0,1 bath,1.0,,"[""Oven"", ""Self check-in"", ""Smart lock"", ""Cooking basics"", ""Wifi"", ""Washer"", ""Microwave"", ""Noise decibel monitors on property"", ""Hangers"", ""Hair dryer"", ""Kitchen"", ""Bathtub"", ""Elevator"", ""Crib"", ""Iron"", ""Pets allowed"", ""Coffee maker"", ""Dishes and silverware"", ""Refrigerator"", ""TV"", ""Heating"", ""Essentials"", ""Dishwasher""]",$91.00,33,1125,33.0,33.0,1125.0,1125.0,33.0,1125.0,t,22,52,82,123,123,0,0,0,0,,,,,,
17000,1329029723967728134,20250612050654,1447144,41.38463,2.17901,"Sant Pere, Santa Caterina i la Ribera",Ciutat Vella,Entire rental unit,Entire home/apt,2011-11-27,"Barcelona, Spain",within an hour,87%,28%,f,356.0,565.0,t,t,4,1.0,1 bath,3.0,3.0,"[""Bed linens"", ""Oven"", ""Dishwasher"", ""Hot water"", ""High chair"", ""Cooking basics"", ""Wifi"", ""Washer"", ""Microwave"", ""Fire extinguisher"", ""Hangers"", ""Clothing storage"", ""Hair dryer"", ""Long term stays allowed"", ""Kitchen"", ""Stove"", ""Toaster"", ""Bathtub"", ""Luggage dropoff allowed"", ""Dining table"", ""Pack \u2019n play/Travel crib"", ""Wine glasses"", ""Extra pillows and blankets"", ""Elevator"", ""Crib"", ""Dedicated workspace"", ""Safe"", ""Iron"", ""Cleaning products"", ""Coffee maker"", ""Drying rack for clothing"", ""Paid parking off premises"", ""Dishes and silverware"", ""Refrigerator"", ""TV"", ""Heating"", ""Freezer"", ""Essentials"", ""Air conditioning""]",$366.00,1,330,1.0,1.0,330.0,330.0,1.0,330.0,t,30,60,90,365,193,0,0,0,0,,,,,,
17200,1336044240057953653,20250612050654,1391607,41.40843,2.18197,el Camp de l'Arpa del Clot,Sant Martí,Entire rental unit,Entire home/apt,2011-11-10,"Barcelona, Spain",within an hour,94%,100%,f,70.0,111.0,t,t,3,1.0,1 bath,1.0,2.0,"[""Wifi"", ""Washer"", ""Host greets you"", ""TV"", ""Kitchen"", ""Air conditioning""]",$159.00,2,32,2.0,3.0,32.0,32.0,2.6,32.0,t,13,43,68,340,170,1,1,0,0,0.23,5.0,5.0,5.0,5.0,5.0
17400,1346203859052768434,20250612050654,459692907,41.39987,2.20759,el Poblenou,Sant Martí,Entire rental unit,Entire home/apt,2022-05-18,"Barcelona, Spain",a few days or more,40%,27%,f,19.0,19.0,t,t,4,2.0,2 baths,2.0,3.0,"[""Teka refrigerator"", ""Dishwasher"", ""Hangers"", ""Dedicated workspace"", ""Outdoor dining area"", ""Exterior security cameras on property"", ""Elevator"", ""Luggage dropoff allowed"", ""Coffee"", ""Coffee maker: espresso machine, Nespresso"", ""Housekeeping - available at extra cost"", ""Beach access \u2013 Beachfront"", ""Wine glasses"", ""Room-darkening shades"", ""Hot water kettle"", ""Outdoor furniture"", ""Fire extinguisher"", ""Private patio or balcony"", ""Kitchen"", ""Paid parking on premises"", ""Air conditioning"", ""Iron"", ""Teka oven"", ""Bed linens"", ""Cleaning products"", ""Toaster"", ""Dishes and silverware"", ""Washer"", ""TV"", ""Pool"", ""Central heating"", ""Sun loungers"", ""Free dryer \u2013 In unit"", ""Microwave"", ""Safe"", ""Other induction stove"", ""Hair dryer"", ""Outdoor shower"", ""Waterfront"", ""Clothing storage: closet"", ""Single level home"", ""Cooking basics"", ""Freezer"", ""Wifi""]",$161.00,32,273,32.0,32.0,271.0,273.0,32.0,271.6,t,0,0,0,70,39,0,0,0,0,,,,,,
17600,1366081985627751265,20250612050654,55670542,41.37649540038186,2.166826551716107,el Raval,Ciutat Vella,Private room in rental unit,Private room,2016-01-22,"Barcelona, Spain",within an hour,100%,100%,f,5.0,5.0,t,t,1,1.0,1 shared bath,1.0,1.0,"[""Bed linens"", ""Hot water"", ""Room-darkening shades"", ""Body soap"", ""Wifi"", ""Lock on bedroom door"", ""Shampoo"", ""Hangers"", ""First aid kit"", ""Clothing storage"", ""Long term stays allowed"", ""Kitchen"", ""Extra pillows and blankets"", ""Dedicated workspace"", ""Host greets you"", ""Smoke alarm"", ""Ethernet connection"", ""Shower gel"", ""Drying rack for clothing"", ""Pocket wifi"", ""Carbon monoxide alarm"", ""Heating"", ""Air conditioning""]",$70.00,1,365,1.0,1.0,365.0,365.0,1.0,365.0,t,27,55,85,360,188,10,10,4,0,4.23,4.4,4.4,4.8,4.7,4.1
17800,1373797323498377397,20250612050654,221480824,41.40202064798409,2.1696577730087587,la Dreta de l'Eixample,Eixample,Private room in rental unit,Private room,2018-10-19,"Barcelona, Spain",within an hour,100%,100%,f,273.0,317.0,t,t,1,1.0,1 private bath,1.0,1.0,"[""Bed linens"", ""Oven"", ""Dishwasher"", ""Private entrance"", ""Hot water"", ""Cooking basics"", ""Wifi"", ""Washer"", ""Microwave"", ""Hangers"", ""Clothing storage"", ""Long term stays allowed"", ""Kitchen"", ""Baking sheet"", ""Stove"", ""Toaster"", ""Dining table"", ""Dryer"", ""Hot water kettle"", ""Elevator"", ""Dedicated workspace"", ""Iron"", ""Cleaning products"", ""Coffee maker"", ""Patio or balcony"", ""Single level home"", ""Dishes and silverware"", ""Refrigerator"", ""TV"", ""Heating"", ""Freezer"", ""Essentials"", ""Air conditioning""]",$41.00,60,1125,60.0,90.0,1125.0,1125.0,60.7,1125.0,t,0,0,20,295,122,0,0,0,0,,,,,,
18000,1384093592412591162,20250612050654,571289218,41.38051,2.16322,Sant Antoni,Eixample,Entire rental unit,Entire home/apt,2024-04-08,,within an hour,82%,79%,f,8.0,9.0,f,t,3,1.0,1 bath,1.0,1.0,"[""Paid parking on premises"", ""Wifi"", ""Heating - split type ductless system"", ""Washer"", ""TV"", ""Hot water"", ""Kitchen"", ""Air conditioning""]",$35.00,31,365,31.0,31.0,365.0,365.0,31.0,365.0,t,14,14,24,222,50,0,0,0,0,,,,,,
18200,1392034344774768888,20250612050654,1447144,41.3803,2.14867,la Nova Esquerra de l'Eixample,Eixample,Entire rental unit,Entire home/apt,2011-11-27,"Barcelona, Spain",within an hour,87%,28%,f,356.0,565.0,t,t,15,4.0,4 baths,8.0,11.0,"[""Bed linens"", ""Oven"", ""Hot water"", ""High chair"", ""Cooking basics"", ""Wifi"", ""Washer"", ""Microwave"", ""Hangers"", ""Clothing storage"", ""Hair dryer"", ""Long term stays allowed"", ""Kitchen"", ""Luggage dropoff allowed"", ""Dining table"", ""Pack \u2019n play/Travel crib"", ""Extra pillows and blankets"", ""Hot water kettle"", ""Elevator"", ""Crib"", ""Dedicated workspace"", ""Safe"", ""Iron"", ""Outdoor furniture"", ""Cleaning products"", ""Coffee maker"", ""Patio or balcony"", ""Paid parking off premises"", ""Dishes and silverware"", ""Refrigerator"", ""TV"", ""Heating"", ""Freezer"", ""Essentials"", ""Air conditioning""]","$1,611.00",1,330,1.0,1.0,330.0,330.0,1.0,330.0,t,30,60,90,365,194,0,0,0,0,,,,,,
18400,1407987673919415813,20250612050654,15775899,41.3910322,2.1754543,la Dreta de l'Eixample,Eixample,Entire rental unit,Entire home/apt,2014-05-20,"Barcelona, Spain",within an hour,100%,99%,t,10.0,18.0,t,t,4,1.0,1 bath,2.0,3.0,"[""Dishwasher"", ""Hangers"", ""Refrigerator"", ""Stove"", ""Outdoor dining area"", ""Elevator"", ""Coffee"", ""Coffee maker"", ""Drying rack for clothing"", ""Body soap"", ""Wine glasses"", ""Dryer"", ""Heating"", ""Room-darkening shades"", ""Hot water kettle"", ""Host greets you"", ""Outdoor furniture"", ""Clothing storage"", ""Kitchen"", ""Air conditioning"", ""Iron"", ""Shower gel"", ""Bed linens"", ""Cleaning products"", ""Shampoo"", ""Oven"", ""Toaster"", ""Dishes and silverware"", ""Dining table"", ""Washer"", ""TV"", ""Essentials"", ""Microwave"", ""Hair dryer"", ""Hot water"", ""Cooking basics"", ""Freezer"", ""Wifi""]",$234.00,1,365,2.0,7.0,365.0,365.0,4.2,365.0,t,2,9,24,291,118,2,2,2,0,2.0,5.0,5.0,5.0,5.0,5.0
18600,1421600544718703815,20250612050654,212552215,41.377272181729445,2.1676405617006016,el Raval,Ciutat Vella,Private room in rental unit,Private room,2018-08-30,"Barcelona, Spain",within an hour,100%,50%,f,1.0,1.0,t,t,1,1.0,1 private bath,1.0,1.0,"[""Paid parking on premises"", ""Fire pit"", ""Wifi"", ""Washer"", ""Pets allowed"", ""Extra pillows and blankets"", ""Dedicated workspace"", ""Hangers"", ""Host greets you"", ""Clothing storage"", ""Iron"", ""TV"", ""Outdoor dining area"", ""Kitchen"", ""BBQ grill"", ""Air conditioning"", ""Exterior security cameras on property""]",$81.00,1,1125,1.0,1.0,1125.0,1125.0,1.0,1125.0,t,28,58,88,363,192,1,1,1,0,1.0,5.0,5.0,5.0,5.0,5.0
18800,1434846226016277801,20250612050654,396940257,41.41993085414859,2.2127144783735275,el Besòs i el Maresme,Sant Martí,Entire rental unit,Entire home/apt,2021-04-14,"Barcelona, Spain",within an hour,100%,100%,f,14.0,15.0,t,t,4,1.0,1 bath,2.0,3.0,"[""Bed linens"", ""Ceiling fan"", ""Hot water"", ""Blanca refrigerator"", ""Room-darkening shades"", ""Paid street parking off premises"", ""Cooking basics"", ""Wifi"", ""Washer"", ""Mercadona body soap"", ""Mercadona  shampoo"", ""Microwave"", ""Hangers"", ""Hair dryer"", ""Kitchen"", ""Coffee maker: drip coffee maker"", ""Portable heater"", ""Dining table"", ""Portable fans"", ""Extra pillows and blankets"", ""Hot water kettle"", ""Host greets you"", ""Iron"", ""Drying rack for clothing"", ""Clothing storage: closet"", ""Dishes and silverware"", ""TV"", ""Essentials"", ""Air conditioning""]",$179.00,2,365,1.0,2.0,365.0,365.0,2.0,365.0,t,4,6,6,6,6,0,0,0,0,,,,,,
